-- PostgreSQL 种子数据（从 MySQL 导出转换）
-- 此脚本在首次部署后手动执行: 
--   docker exec devops-postgres psql -U devops -d autoops -f /seed/seed_data.sql
-- 包含: 系统菜单、角色、用户、部门、业务组

-- 禁用触发器（避免外键约束冲突）
SET session_replication_role = replica;

INSERT INTO sys_menu (id, parent_id, menu_name, icon, value, menu_type, url, menu_status, sort, create_time) VALUES (4,0,'系统管理','StarFilled','',1,'',2,7,'2022-09-04 13:57:39');
INSERT INTO sys_menu (id, parent_id, menu_name, icon, value, menu_type, url, menu_status, sort, create_time) VALUES (6,4,'用户信息','Avatar','base:admin:list',2,'system/admin',2,1,'2022-09-04 13:59:39');
INSERT INTO sys_menu (id, parent_id, menu_name, icon, value, menu_type, url, menu_status, sort, create_time) VALUES (7,4,'角色信息','InfoFilled','base:role:list',2,'system/role',2,2,'2022-09-04 14:00:12');
INSERT INTO sys_menu (id, parent_id, menu_name, icon, value, menu_type, url, menu_status, sort, create_time) VALUES (8,4,'菜单信息','Histogram','base:menu:list',2,'system/menu',2,3,'2022-09-04 14:00:17');
INSERT INTO sys_menu (id, parent_id, menu_name, icon, value, menu_type, url, menu_status, sort, create_time) VALUES (10,4,'资产授权','Promotion','base:post:list',2,'system/post',2,5,'2022-09-04 14:02:06');
INSERT INTO sys_menu (id, parent_id, menu_name, icon, value, menu_type, url, menu_status, sort, create_time) VALUES (16,6,'新增用户','','base:admin:add',3,'',2,1,'2022-09-04 18:32:55');
INSERT INTO sys_menu (id, parent_id, menu_name, icon, value, menu_type, url, menu_status, sort, create_time) VALUES (17,6,'修改用户','','base:admin:edit',3,'',2,2,'2022-09-04 18:33:29');
INSERT INTO sys_menu (id, parent_id, menu_name, icon, value, menu_type, url, menu_status, sort, create_time) VALUES (18,6,'删除用户','','base:admin:delete',3,'',2,3,'2022-09-04 18:33:51');
INSERT INTO sys_menu (id, parent_id, menu_name, icon, value, menu_type, url, menu_status, sort, create_time) VALUES (21,7,'新增角色','','base:role:add',3,'',2,1,'2022-09-04 18:44:47');
INSERT INTO sys_menu (id, parent_id, menu_name, icon, value, menu_type, url, menu_status, sort, create_time) VALUES (22,7,'修改角色','','base:role:edit',3,'',2,2,'2022-09-04 18:45:10');
INSERT INTO sys_menu (id, parent_id, menu_name, icon, value, menu_type, url, menu_status, sort, create_time) VALUES (23,7,'删除角色','','base:role:delete',3,'',2,3,'2022-09-04 18:45:46');
INSERT INTO sys_menu (id, parent_id, menu_name, icon, value, menu_type, url, menu_status, sort, create_time) VALUES (24,7,'分配权限','','base:role:assign',3,'',2,4,'2022-09-04 18:46:20');
INSERT INTO sys_menu (id, parent_id, menu_name, icon, value, menu_type, url, menu_status, sort, create_time) VALUES (26,8,'新增菜单','','base:menu:add',3,'',2,1,'2022-09-04 18:49:51');
INSERT INTO sys_menu (id, parent_id, menu_name, icon, value, menu_type, url, menu_status, sort, create_time) VALUES (27,8,'修改菜单','','base:menu:edit',3,'',2,2,'2022-09-04 18:50:24');
INSERT INTO sys_menu (id, parent_id, menu_name, icon, value, menu_type, url, menu_status, sort, create_time) VALUES (28,8,'删除菜单','','base:menu:delete',3,'',2,3,'2022-09-04 18:50:53');
INSERT INTO sys_menu (id, parent_id, menu_name, icon, value, menu_type, url, menu_status, sort, create_time) VALUES (32,10,'新增岗位','','base:post:add',3,'',2,1,'2022-09-04 18:53:28');
INSERT INTO sys_menu (id, parent_id, menu_name, icon, value, menu_type, url, menu_status, sort, create_time) VALUES (33,10,'修改岗位','','base:post:edit',3,'',2,2,'2022-09-04 18:53:48');
INSERT INTO sys_menu (id, parent_id, menu_name, icon, value, menu_type, url, menu_status, sort, create_time) VALUES (34,10,'删除岗位','','base:post:delete',3,'',2,3,'2022-09-04 18:54:00');
INSERT INTO sys_menu (id, parent_id, menu_name, icon, value, menu_type, url, menu_status, sort, create_time) VALUES (44,0,'操作审计','BellFilled','',1,'',2,9,'2022-09-05 11:06:57');
INSERT INTO sys_menu (id, parent_id, menu_name, icon, value, menu_type, url, menu_status, sort, create_time) VALUES (45,44,'操作日志','User','monitor:operator:list',2,'monitor/operator',2,1,'2022-09-05 11:10:54');
INSERT INTO sys_menu (id, parent_id, menu_name, icon, value, menu_type, url, menu_status, sort, create_time) VALUES (46,44,'登录日志','DocumentRemove','monitor:loginLog:list',2,'monitor/loginlog',2,2,'2022-09-05 11:11:31');
INSERT INTO sys_menu (id, parent_id, menu_name, icon, value, menu_type, url, menu_status, sort, create_time) VALUES (47,45,'清空操作日志','','monitor:operator:clean',3,'',2,1,'2022-09-05 11:12:36');
INSERT INTO sys_menu (id, parent_id, menu_name, icon, value, menu_type, url, menu_status, sort, create_time) VALUES (49,46,'清空登录日志','','monitor:loginLog:clean',3,'',2,1,'2022-09-05 11:16:01');
INSERT INTO sys_menu (id, parent_id, menu_name, icon, value, menu_type, url, menu_status, sort, create_time) VALUES (60,6,'重置密码',NULL,'base:admin:reset',3,NULL,2,6,'2022-12-01 16:33:34');
INSERT INTO sys_menu (id, parent_id, menu_name, icon, value, menu_type, url, menu_status, sort, create_time) VALUES (62,46,'删除登录日志','','monitor:loginLog:delete',3,'',2,2,'2022-12-02 15:41:56');
INSERT INTO sys_menu (id, parent_id, menu_name, icon, value, menu_type, url, menu_status, sort, create_time) VALUES (72,0,'仪表盘','HomeFilled','',1,'dashboard',2,1,'2023-05-24 22:11:13');
INSERT INTO sys_menu (id, parent_id, menu_name, icon, value, menu_type, url, menu_status, sort, create_time) VALUES (73,45,'删除操作日志','','monitor:operator:delete',3,'',2,3,'2023-06-02 10:09:38');
INSERT INTO sys_menu (id, parent_id, menu_name, icon, value, menu_type, url, menu_status, sort, create_time) VALUES (78,80,'主机管理','Platform','cmdb:ecs:list',2,'cmdb/ecs',2,1,'2025-06-29 00:30:35');
INSERT INTO sys_menu (id, parent_id, menu_name, icon, value, menu_type, url, menu_status, sort, create_time) VALUES (80,0,'资产管理','TrendCharts','',1,'',2,2,'2025-07-03 11:47:07');
INSERT INTO sys_menu (id, parent_id, menu_name, icon, value, menu_type, url, menu_status, sort, create_time) VALUES (81,0,'容器管理','UploadFilled','',1,'',2,3,'2025-07-03 11:50:47');
INSERT INTO sys_menu (id, parent_id, menu_name, icon, value, menu_type, url, menu_status, sort, create_time) VALUES (82,81,'集群管理','Menu','cloud:k8s:list',2,'k8s/list',2,1,'2025-07-03 11:56:44');
INSERT INTO sys_menu (id, parent_id, menu_name, icon, value, menu_type, url, menu_status, sort, create_time) VALUES (83,81,'节点管理','Help','cloud:k8s:node',2,'k8s/node',2,2,'2025-07-03 12:04:59');
INSERT INTO sys_menu (id, parent_id, menu_name, icon, value, menu_type, url, menu_status, sort, create_time) VALUES (84,0,'配置中心','Tools','',1,'',2,8,'2025-07-04 17:00:01');
INSERT INTO sys_menu (id, parent_id, menu_name, icon, value, menu_type, url, menu_status, sort, create_time) VALUES (85,84,'主机凭据','Setting','config:ecs:key',2,'config/ecskey',2,1,'2025-07-04 17:03:10');
INSERT INTO sys_menu (id, parent_id, menu_name, icon, value, menu_type, url, menu_status, sort, create_time) VALUES (86,84,'通用凭据','User','config:accountauth:key',2,'config/accountauth',2,2,'2025-07-04 17:08:20');
INSERT INTO sys_menu (id, parent_id, menu_name, icon, value, menu_type, url, menu_status, sort, create_time) VALUES (88,80,'网络设备','Shop','cmdb:switch',2,'cmdb/switch',2,2,'2025-07-16 15:17:14');
INSERT INTO sys_menu (id, parent_id, menu_name, icon, value, menu_type, url, menu_status, sort, create_time) VALUES (89,88,'创建资产','','cmdb:snmp:add',3,'',2,1,'2025-07-18 15:24:31');
INSERT INTO sys_menu (id, parent_id, menu_name, icon, value, menu_type, url, menu_status, sort, create_time) VALUES (90,88,'修改资产','','cmdb:snmp:update',3,'',2,2,'2025-07-18 15:25:49');
INSERT INTO sys_menu (id, parent_id, menu_name, icon, value, menu_type, url, menu_status, sort, create_time) VALUES (91,88,'删除资产','','cmdb:snmp:delete',3,'',2,3,'2025-07-18 15:26:21');
INSERT INTO sys_menu (id, parent_id, menu_name, icon, value, menu_type, url, menu_status, sort, create_time) VALUES (93,81,'工作负载','Star','cloud:k8s:workload',2,'k8s/workload',2,4,'2025-07-24 14:38:31');
INSERT INTO sys_menu (id, parent_id, menu_name, icon, value, menu_type, url, menu_status, sort, create_time) VALUES (95,80,'数据管理','Coin','cmdb:db',2,'cmdb/db',2,3,'2025-07-29 15:27:50');
INSERT INTO sys_menu (id, parent_id, menu_name, icon, value, menu_type, url, menu_status, sort, create_time) VALUES (96,44,'数据日志','Coin','monitor:dblog:list',2,'monitor/dblog',2,3,'2025-07-31 12:44:07');
INSERT INTO sys_menu (id, parent_id, menu_name, icon, value, menu_type, url, menu_status, sort, create_time) VALUES (97,0,'任务中心','User','',1,'',2,5,'2025-08-06 13:33:47');
INSERT INTO sys_menu (id, parent_id, menu_name, icon, value, menu_type, url, menu_status, sort, create_time) VALUES (98,97,'任务模版','connection','task:template',2,'task/template',2,2,'2025-08-06 13:35:19');
INSERT INTO sys_menu (id, parent_id, menu_name, icon, value, menu_type, url, menu_status, sort, create_time) VALUES (99,97,'任务作业','key','task:job',2,'task/job',2,1,'2025-08-06 13:36:06');
INSERT INTO sys_menu (id, parent_id, menu_name, icon, value, menu_type, url, menu_status, sort, create_time) VALUES (100,97,'Ansible任务','Eleme','task:ansible',2,'task/ansible',2,3,'2025-08-23 18:35:24');
INSERT INTO sys_menu (id, parent_id, menu_name, icon, value, menu_type, url, menu_status, sort, create_time) VALUES (101,0,'运维工具','Search','',1,'',2,6,'2025-08-29 10:59:35');
INSERT INTO sys_menu (id, parent_id, menu_name, icon, value, menu_type, url, menu_status, sort, create_time) VALUES (102,101,'agent列表','price-tag','ops:agent',2,'ops/agent',2,2,'2025-08-29 11:22:20');
INSERT INTO sys_menu (id, parent_id, menu_name, icon, value, menu_type, url, menu_status, sort, create_time) VALUES (103,101,'工具列表','present','ops:tools',2,'ops/tools',2,1,'2025-08-29 11:29:02');
INSERT INTO sys_menu (id, parent_id, menu_name, icon, value, menu_type, url, menu_status, sort, create_time) VALUES (104,84,'密钥管理','Phone','config:keymanage:key',2,'config/keymanage',2,3,'2025-09-08 13:24:40');
INSERT INTO sys_menu (id, parent_id, menu_name, icon, value, menu_type, url, menu_status, sort, create_time) VALUES (105,81,'命名空间','discount','k8s:namespace',2,'k8s/namespace',2,3,'2025-09-11 15:02:14');
INSERT INTO sys_menu (id, parent_id, menu_name, icon, value, menu_type, url, menu_status, sort, create_time) VALUES (106,81,'网络管理','guide','k8s:network',2,'k8s/network',2,5,'2025-09-11 15:04:14');
INSERT INTO sys_menu (id, parent_id, menu_name, icon, value, menu_type, url, menu_status, sort, create_time) VALUES (107,81,'配置管理','connection','k8s:config',2,'k8s/config',2,7,'2025-09-11 15:04:52');
INSERT INTO sys_menu (id, parent_id, menu_name, icon, value, menu_type, url, menu_status, sort, create_time) VALUES (108,81,'存储管理','Coin','k8s:storage',2,'k8s/storage',2,6,'2025-09-11 15:05:40');
INSERT INTO sys_menu (id, parent_id, menu_name, icon, value, menu_type, url, menu_status, sort, create_time) VALUES (109,0,'服务管理','ElemeFilled','',1,'',2,4,'2025-09-16 09:49:55');
INSERT INTO sys_menu (id, parent_id, menu_name, icon, value, menu_type, url, menu_status, sort, create_time) VALUES (110,109,'应用列表','Menu','app:application',2,'app/application',2,2,'2025-09-16 09:52:58');
INSERT INTO sys_menu (id, parent_id, menu_name, icon, value, menu_type, url, menu_status, sort, create_time) VALUES (111,109,'快速发布','TrendCharts','app:quick-release',2,'app/quick-release',2,3,'2025-09-16 17:12:11');
INSERT INTO sys_menu (id, parent_id, menu_name, icon, value, menu_type, url, menu_status, sort, create_time) VALUES (113,45,'批量删除','','monitor:operator:delete',3,'',2,2,'2025-09-17 20:55:13');
INSERT INTO sys_menu (id, parent_id, menu_name, icon, value, menu_type, url, menu_status, sort, create_time) VALUES (115,104,'删除密钥','','config:keymanage:delete',3,'',2,2,'2025-09-18 10:53:44');
INSERT INTO sys_menu (id, parent_id, menu_name, icon, value, menu_type, url, menu_status, sort, create_time) VALUES (117,104,'同步主机','','config:keymanage:rsync',3,'',2,3,'2025-09-18 10:57:25');
INSERT INTO sys_menu (id, parent_id, menu_name, icon, value, menu_type, url, menu_status, sort, create_time) VALUES (118,104,'创建密钥','','config:keymanage:create',3,'',2,4,'2025-09-18 11:01:12');
INSERT INTO sys_menu (id, parent_id, menu_name, icon, value, menu_type, url, menu_status, sort, create_time) VALUES (119,86,'修改账号','','config:common:edit',3,'',2,2,'2025-09-18 11:47:33');
INSERT INTO sys_menu (id, parent_id, menu_name, icon, value, menu_type, url, menu_status, sort, create_time) VALUES (120,86,'删除账号','','config:common:delete',3,'',2,3,'2025-09-18 11:48:17');
INSERT INTO sys_menu (id, parent_id, menu_name, icon, value, menu_type, url, menu_status, sort, create_time) VALUES (121,86,'解密账号','','config:common:decrypt',3,'',2,4,'2025-09-18 11:48:57');
INSERT INTO sys_menu (id, parent_id, menu_name, icon, value, menu_type, url, menu_status, sort, create_time) VALUES (122,86,'创建账号','','config:common:add',3,'',2,1,'2025-09-18 11:49:30');
INSERT INTO sys_menu (id, parent_id, menu_name, icon, value, menu_type, url, menu_status, sort, create_time) VALUES (123,85,'修改凭据','','config:ecs:edit',3,'',2,1,'2025-09-18 11:54:16');
INSERT INTO sys_menu (id, parent_id, menu_name, icon, value, menu_type, url, menu_status, sort, create_time) VALUES (124,85,'删除凭据','','config:ecs:delete',3,'',2,2,'2025-09-18 11:54:51');
INSERT INTO sys_menu (id, parent_id, menu_name, icon, value, menu_type, url, menu_status, sort, create_time) VALUES (125,85,'创建凭据','','config:ecs:create',3,'',2,3,'2025-09-18 11:55:21');
INSERT INTO sys_menu (id, parent_id, menu_name, icon, value, menu_type, url, menu_status, sort, create_time) VALUES (126,102,'卸载agent','','ops:agent:delete',3,'',2,1,'2025-09-18 12:47:48');
INSERT INTO sys_menu (id, parent_id, menu_name, icon, value, menu_type, url, menu_status, sort, create_time) VALUES (127,102,'查看agent','','ops:agent:get',3,'',2,2,'2025-09-18 12:49:02');
INSERT INTO sys_menu (id, parent_id, menu_name, icon, value, menu_type, url, menu_status, sort, create_time) VALUES (128,102,'部署agent','','ops:agent:create',3,'',2,3,'2025-09-18 12:49:56');
INSERT INTO sys_menu (id, parent_id, menu_name, icon, value, menu_type, url, menu_status, sort, create_time) VALUES (129,102,'批量卸载agent','','ops:agent:deleteall',3,'',2,4,'2025-09-18 12:50:52');
INSERT INTO sys_menu (id, parent_id, menu_name, icon, value, menu_type, url, menu_status, sort, create_time) VALUES (130,100,'启动ansible任务流程','','task:ansible:start',3,'',2,1,'2025-09-18 12:59:30');
INSERT INTO sys_menu (id, parent_id, menu_name, icon, value, menu_type, url, menu_status, sort, create_time) VALUES (131,100,'删除ansible任务','','task:ansible:delete',3,'',2,2,'2025-09-18 13:00:03');
INSERT INTO sys_menu (id, parent_id, menu_name, icon, value, menu_type, url, menu_status, sort, create_time) VALUES (132,100,'新增ansible任务','','task:ansible:create',3,'',2,3,'2025-09-18 13:00:45');
INSERT INTO sys_menu (id, parent_id, menu_name, icon, value, menu_type, url, menu_status, sort, create_time) VALUES (133,98,'新增模版','','task:template:add',3,'',2,1,'2025-09-18 13:16:38');
INSERT INTO sys_menu (id, parent_id, menu_name, icon, value, menu_type, url, menu_status, sort, create_time) VALUES (134,98,'修改模版','','task:template:edit',3,'',2,2,'2025-09-18 13:17:04');
INSERT INTO sys_menu (id, parent_id, menu_name, icon, value, menu_type, url, menu_status, sort, create_time) VALUES (135,98,'删除模版','','task:template:delete',3,'',2,3,'2025-09-18 13:18:25');
INSERT INTO sys_menu (id, parent_id, menu_name, icon, value, menu_type, url, menu_status, sort, create_time) VALUES (136,99,'新增任务','','task:job:add',3,'',2,1,'2025-09-18 13:24:19');
INSERT INTO sys_menu (id, parent_id, menu_name, icon, value, menu_type, url, menu_status, sort, create_time) VALUES (137,99,'启动任务','','task:job:start',3,'',2,2,'2025-09-18 13:24:59');
INSERT INTO sys_menu (id, parent_id, menu_name, icon, value, menu_type, url, menu_status, sort, create_time) VALUES (138,99,'删除任务','','task:job:delete',3,'',2,3,'2025-09-18 13:25:41');
INSERT INTO sys_menu (id, parent_id, menu_name, icon, value, menu_type, url, menu_status, sort, create_time) VALUES (139,111,'新建发布','','app:quick-release:add',3,'',2,1,'2025-09-18 13:30:53');
INSERT INTO sys_menu (id, parent_id, menu_name, icon, value, menu_type, url, menu_status, sort, create_time) VALUES (140,111,'启动发布','','app:quick-release:start',3,'',2,2,'2025-09-18 13:32:11');
INSERT INTO sys_menu (id, parent_id, menu_name, icon, value, menu_type, url, menu_status, sort, create_time) VALUES (141,111,'删除发布','','app:quick-release:delete',3,'',2,3,'2025-09-18 13:32:32');
INSERT INTO sys_menu (id, parent_id, menu_name, icon, value, menu_type, url, menu_status, sort, create_time) VALUES (142,110,'创建应用','','app:application:add',3,'',2,1,'2025-09-18 14:28:07');
INSERT INTO sys_menu (id, parent_id, menu_name, icon, value, menu_type, url, menu_status, sort, create_time) VALUES (143,110,'修改应用','','app:application:edit',3,'',2,2,'2025-09-18 14:28:59');
INSERT INTO sys_menu (id, parent_id, menu_name, icon, value, menu_type, url, menu_status, sort, create_time) VALUES (144,110,'配置应用环境','','app:application:env',3,'',2,3,'2025-09-18 14:29:34');
INSERT INTO sys_menu (id, parent_id, menu_name, icon, value, menu_type, url, menu_status, sort, create_time) VALUES (145,110,'删除应用','','app:application:delete',3,'',2,4,'2025-09-18 14:30:11');
INSERT INTO sys_menu (id, parent_id, menu_name, icon, value, menu_type, url, menu_status, sort, create_time) VALUES (146,95,'创建数据库账号','','cmdb:db:add',3,'',2,1,'2025-09-18 14:41:32');
INSERT INTO sys_menu (id, parent_id, menu_name, icon, value, menu_type, url, menu_status, sort, create_time) VALUES (147,95,'修改数据库配置','','cmdb:db:edit',3,'',2,2,'2025-09-18 14:42:47');
INSERT INTO sys_menu (id, parent_id, menu_name, icon, value, menu_type, url, menu_status, sort, create_time) VALUES (148,95,'删除数据库账号','','cmdb:db:delete',3,'',2,3,'2025-09-18 14:43:57');
INSERT INTO sys_menu (id, parent_id, menu_name, icon, value, menu_type, url, menu_status, sort, create_time) VALUES (149,78,'创建主机','','cmdb:ecs:add',3,'',2,1,'2025-09-18 14:47:42');
INSERT INTO sys_menu (id, parent_id, menu_name, icon, value, menu_type, url, menu_status, sort, create_time) VALUES (150,78,'主机终端','','cmdb:ecs:terminal',3,'',2,2,'2025-09-18 14:48:36');
INSERT INTO sys_menu (id, parent_id, menu_name, icon, value, menu_type, url, menu_status, sort, create_time) VALUES (151,78,'修改主机信息','','cmdb:ecs:edit',3,'',2,3,'2025-09-18 14:49:43');
INSERT INTO sys_menu (id, parent_id, menu_name, icon, value, menu_type, url, menu_status, sort, create_time) VALUES (152,78,'上传文件到主机','','cmdb:ecs:upload',3,'',2,4,'2025-09-18 14:50:38');
INSERT INTO sys_menu (id, parent_id, menu_name, icon, value, menu_type, url, menu_status, sort, create_time) VALUES (153,78,'执行主机命令','','cmdb:ecs:shell',3,'',2,5,'2025-09-18 14:51:10');
INSERT INTO sys_menu (id, parent_id, menu_name, icon, value, menu_type, url, menu_status, sort, create_time) VALUES (154,78,'监控主机','','cmdb:ecs:monitor',3,'',2,6,'2025-09-18 14:51:52');
INSERT INTO sys_menu (id, parent_id, menu_name, icon, value, menu_type, url, menu_status, sort, create_time) VALUES (155,78,'删除主机','','cmdb:ecs:delete',3,'',2,7,'2025-09-18 14:52:20');
INSERT INTO sys_menu (id, parent_id, menu_name, icon, value, menu_type, url, menu_status, sort, create_time) VALUES (156,99,'启动脚本','','task:job:jobstart',3,'',2,4,'2025-09-18 18:36:38');
INSERT INTO sys_menu (id, parent_id, menu_name, icon, value, menu_type, url, menu_status, sort, create_time) VALUES (157,99,'停止脚本','','task:job:jobstop',3,'',2,5,'2025-09-18 18:39:23');
INSERT INTO sys_menu (id, parent_id, menu_name, icon, value, menu_type, url, menu_status, sort, create_time) VALUES (159,100,'开始ansible任务作业','','task:ansible:jobstart',3,'',2,4,'2025-09-18 18:43:40');
INSERT INTO sys_menu (id, parent_id, menu_name, icon, value, menu_type, url, menu_status, sort, create_time) VALUES (160,111,'启动jenkins任务','','app:quick-release:jobstart',3,'',2,4,'2025-09-18 18:47:39');
INSERT INTO sys_menu (id, parent_id, menu_name, icon, value, menu_type, url, menu_status, sort, create_time) VALUES (161,111,'停止jenkins任务','','app:quick-release:jobstop',3,'',2,5,'2025-09-18 18:48:16');
INSERT INTO sys_menu (id, parent_id, menu_name, icon, value, menu_type, url, menu_status, sort, create_time) VALUES (162,110,'新增环境','','app:application:envadd',3,'',2,5,'2025-09-18 21:02:28');
INSERT INTO sys_menu (id, parent_id, menu_name, icon, value, menu_type, url, menu_status, sort, create_time) VALUES (163,110,'修改环境','','app:application:envedit',3,'',2,6,'2025-09-18 21:03:08');
INSERT INTO sys_menu (id, parent_id, menu_name, icon, value, menu_type, url, menu_status, sort, create_time) VALUES (164,110,'删除环境','','app:application:envdelete',3,'',2,7,'2025-09-18 21:04:43');
INSERT INTO sys_menu (id, parent_id, menu_name, icon, value, menu_type, url, menu_status, sort, create_time) VALUES (165,78,'连接主机终端','','cmdb:ecs:connecthost',3,'',2,8,'2025-09-18 21:11:43');
INSERT INTO sys_menu (id, parent_id, menu_name, icon, value, menu_type, url, menu_status, sort, create_time) VALUES (166,78,'同步主机信息','','cmdb:ecs:rsync',3,'',2,9,'2025-09-19 21:35:06');
INSERT INTO sys_menu (id, parent_id, menu_name, icon, value, menu_type, url, menu_status, sort, create_time) VALUES (167,82,'注册集群','','cloud:k8s:register',3,'',2,1,'2025-09-19 21:57:54');
INSERT INTO sys_menu (id, parent_id, menu_name, icon, value, menu_type, url, menu_status, sort, create_time) VALUES (168,82,'创建集群','','cloud:k8s:add',3,'',2,2,'2025-09-19 21:58:19');
INSERT INTO sys_menu (id, parent_id, menu_name, icon, value, menu_type, url, menu_status, sort, create_time) VALUES (169,82,'修改集群','','cloud:k8s:edit',3,'',2,3,'2025-09-19 21:59:06');
INSERT INTO sys_menu (id, parent_id, menu_name, icon, value, menu_type, url, menu_status, sort, create_time) VALUES (170,82,'同步集群','','cloud:k8s:rsync',3,'',2,4,'2025-09-19 21:59:31');
INSERT INTO sys_menu (id, parent_id, menu_name, icon, value, menu_type, url, menu_status, sort, create_time) VALUES (171,82,'删除集群','','cloud:k8s:delete',3,'',2,5,'2025-09-19 21:59:56');
INSERT INTO sys_menu (id, parent_id, menu_name, icon, value, menu_type, url, menu_status, sort, create_time) VALUES (172,83,'查看监控仪表盘','','k8s:node:monitor',3,'',2,1,'2025-09-20 00:19:49');
INSERT INTO sys_menu (id, parent_id, menu_name, icon, value, menu_type, url, menu_status, sort, create_time) VALUES (173,83,'查看节点资源详情','','k8s:node:details',3,'',2,2,'2025-09-20 00:21:20');
INSERT INTO sys_menu (id, parent_id, menu_name, icon, value, menu_type, url, menu_status, sort, create_time) VALUES (174,83,'配置节点污点','','k8s:node:stain',3,'',2,3,'2025-09-20 00:22:17');
INSERT INTO sys_menu (id, parent_id, menu_name, icon, value, menu_type, url, menu_status, sort, create_time) VALUES (175,83,'增加标签','','k8s:node:label',3,'',2,4,'2025-09-20 00:23:15');
INSERT INTO sys_menu (id, parent_id, menu_name, icon, value, menu_type, url, menu_status, sort, create_time) VALUES (176,83,'封锁节点','','k8s:node:close',3,'',2,5,'2025-09-20 00:24:13');
INSERT INTO sys_menu (id, parent_id, menu_name, icon, value, menu_type, url, menu_status, sort, create_time) VALUES (177,83,'驱逐节点','','k8s:node:expel',3,'',2,6,'2025-09-20 00:25:04');
INSERT INTO sys_menu (id, parent_id, menu_name, icon, value, menu_type, url, menu_status, sort, create_time) VALUES (178,105,'创建命名空间','','k8s:namespace:add',3,'',2,1,'2025-09-20 00:36:14');
INSERT INTO sys_menu (id, parent_id, menu_name, icon, value, menu_type, url, menu_status, sort, create_time) VALUES (179,105,'查看命名空间详情','','k8s:namespace:details',3,'',2,2,'2025-09-20 00:37:22');
INSERT INTO sys_menu (id, parent_id, menu_name, icon, value, menu_type, url, menu_status, sort, create_time) VALUES (180,105,'查看命名空间资源配置','','k8s:namespace:setup',3,'',2,3,'2025-09-20 00:39:05');
INSERT INTO sys_menu (id, parent_id, menu_name, icon, value, menu_type, url, menu_status, sort, create_time) VALUES (181,105,'添加命名空间资源配置','','k8s:namespace:setupadd',3,'',2,4,'2025-09-20 00:40:06');
INSERT INTO sys_menu (id, parent_id, menu_name, icon, value, menu_type, url, menu_status, sort, create_time) VALUES (182,105,'查看限制命名空间资源','','k8s:namespace:restriction',3,'',2,5,'2025-09-20 00:41:25');
INSERT INTO sys_menu (id, parent_id, menu_name, icon, value, menu_type, url, menu_status, sort, create_time) VALUES (183,105,'添加限制命名空间资源','','k8s:namespace:restrictionadd',3,'',2,6,'2025-09-20 00:42:23');
INSERT INTO sys_menu (id, parent_id, menu_name, icon, value, menu_type, url, menu_status, sort, create_time) VALUES (184,105,'删除命名空间','','k8s:namespace:delete',3,'',2,7,'2025-09-20 00:43:03');
INSERT INTO sys_menu (id, parent_id, menu_name, icon, value, menu_type, url, menu_status, sort, create_time) VALUES (185,93,'新增工作负载','','k8s:workload:add',3,'',2,1,'2025-09-20 01:05:08');
INSERT INTO sys_menu (id, parent_id, menu_name, icon, value, menu_type, url, menu_status, sort, create_time) VALUES (186,93,'伸缩pod','','k8s:workload:expandable',3,'',2,2,'2025-09-20 01:06:18');
INSERT INTO sys_menu (id, parent_id, menu_name, icon, value, menu_type, url, menu_status, sort, create_time) VALUES (187,93,'重启pod','','k8s:workload:restart',3,'',2,3,'2025-09-20 01:07:13');
INSERT INTO sys_menu (id, parent_id, menu_name, icon, value, menu_type, url, menu_status, sort, create_time) VALUES (188,93,'更新pod资源限制','','k8s:workload:resource',3,'',2,4,'2025-09-20 01:08:39');
INSERT INTO sys_menu (id, parent_id, menu_name, icon, value, menu_type, url, menu_status, sort, create_time) VALUES (189,93,'更新pod资调度','','k8s:workload:dispatch',3,'',2,5,'2025-09-20 01:09:36');
INSERT INTO sys_menu (id, parent_id, menu_name, icon, value, menu_type, url, menu_status, sort, create_time) VALUES (190,93,'更新yaml文件','','k8s:workload:edityaml',3,'',2,6,'2025-09-20 01:10:57');
INSERT INTO sys_menu (id, parent_id, menu_name, icon, value, menu_type, url, menu_status, sort, create_time) VALUES (191,93,'删除工作负载','','k8s:workload:delete',3,'',2,7,'2025-09-20 01:11:52');
INSERT INTO sys_menu (id, parent_id, menu_name, icon, value, menu_type, url, menu_status, sort, create_time) VALUES (192,93,'回滚工作负载版本','','k8s:workload:rollback_version',3,'',2,8,'2025-09-20 01:39:38');
INSERT INTO sys_menu (id, parent_id, menu_name, icon, value, menu_type, url, menu_status, sort, create_time) VALUES (193,93,'查看pod日志','','k8s:workload:podlog',3,'',2,9,'2025-09-20 01:44:37');
INSERT INTO sys_menu (id, parent_id, menu_name, icon, value, menu_type, url, menu_status, sort, create_time) VALUES (194,93,'删除pod','','k8s:workload:poddelete',3,'',2,10,'2025-09-20 01:45:16');
INSERT INTO sys_menu (id, parent_id, menu_name, icon, value, menu_type, url, menu_status, sort, create_time) VALUES (195,93,'登陆pod终端','','k8s:workload:terminal',3,'',2,11,'2025-09-20 01:46:07');
INSERT INTO sys_menu (id, parent_id, menu_name, icon, value, menu_type, url, menu_status, sort, create_time) VALUES (196,93,'编辑pod yaml文件','','k8s:workload:edityaml',3,'',2,12,'2025-09-20 01:47:22');
INSERT INTO sys_menu (id, parent_id, menu_name, icon, value, menu_type, url, menu_status, sort, create_time) VALUES (197,106,'新增service','','k8s:network:addservice',3,'',2,1,'2025-09-20 02:14:21');
INSERT INTO sys_menu (id, parent_id, menu_name, icon, value, menu_type, url, menu_status, sort, create_time) VALUES (198,106,'编辑 Service','','k8s:network:editservice',3,'',2,2,'2025-09-20 02:15:19');
INSERT INTO sys_menu (id, parent_id, menu_name, icon, value, menu_type, url, menu_status, sort, create_time) VALUES (199,106,'编辑service YAML','','k8s:network:edit_service_yaml',3,'',2,3,'2025-09-20 02:16:15');
INSERT INTO sys_menu (id, parent_id, menu_name, icon, value, menu_type, url, menu_status, sort, create_time) VALUES (200,106,'查看Service 事件','','k8s:network:service_event',3,'',2,4,'2025-09-20 02:18:11');
INSERT INTO sys_menu (id, parent_id, menu_name, icon, value, menu_type, url, menu_status, sort, create_time) VALUES (201,106,'删除Service','','k8s:network:deleteservice',3,'',2,5,'2025-09-20 02:18:59');
INSERT INTO sys_menu (id, parent_id, menu_name, icon, value, menu_type, url, menu_status, sort, create_time) VALUES (202,106,'编辑ingress','','k8s:network:editingress',3,'',2,6,'2025-09-20 02:26:59');
INSERT INTO sys_menu (id, parent_id, menu_name, icon, value, menu_type, url, menu_status, sort, create_time) VALUES (203,106,'新增ingress','','k8s:network:addingress',3,'',2,7,'2025-09-20 02:27:29');
INSERT INTO sys_menu (id, parent_id, menu_name, icon, value, menu_type, url, menu_status, sort, create_time) VALUES (204,106,'编辑ingress_yaml','','k8s:network:edit_ingress_yaml',3,'',2,8,'2025-09-20 02:28:23');
INSERT INTO sys_menu (id, parent_id, menu_name, icon, value, menu_type, url, menu_status, sort, create_time) VALUES (205,106,'查看ingress 事件','','k8s:network:ingress_event',3,'',2,9,'2025-09-20 02:29:24');
INSERT INTO sys_menu (id, parent_id, menu_name, icon, value, menu_type, url, menu_status, sort, create_time) VALUES (206,106,'删除ingress','','k8s:network:delete_ingress',3,'',2,10,'2025-09-20 02:30:04');
INSERT INTO sys_menu (id, parent_id, menu_name, icon, value, menu_type, url, menu_status, sort, create_time) VALUES (212,0,'监控中心','Shop','',1,'',2,4,'2025-12-03 21:21:04');
INSERT INTO sys_menu (id, parent_id, menu_name, icon, value, menu_type, url, menu_status, sort, create_time) VALUES (213,212,'域名监控','UploadFilled','monitor:domain',2,'monitor/domain',2,1,'2025-12-03 21:22:11');
INSERT INTO sys_menu (id, parent_id, menu_name, icon, value, menu_type, url, menu_status, sort, create_time) VALUES (215,4,'系统配置','List','system:config',2,'system/config',2,6,'2025-12-09 11:03:54');
INSERT INTO sys_menu (id, parent_id, menu_name, icon, value, menu_type, url, menu_status, sort, create_time) VALUES (216,212,'故障管理','Help','monitor:incident',2,'monitor/incident',2,2,'2025-12-10 15:10:29');
INSERT INTO sys_menu (id, parent_id, menu_name, icon, value, menu_type, url, menu_status, sort, create_time) VALUES (217,95,'查看密码','','cmdb:db:passwd',3,'',2,4,'2025-12-13 14:27:22');
INSERT INTO sys_menu (id, parent_id, menu_name, icon, value, menu_type, url, menu_status, sort, create_time) VALUES (218,95,'测试链接','','cmdb:db:test',3,'',2,5,'2025-12-13 14:28:38');
INSERT INTO sys_menu (id, parent_id, menu_name, icon, value, menu_type, url, menu_status, sort, create_time) VALUES (219,95,'DBMS终端','','cmdb:db:dbms',3,'',2,6,'2025-12-13 14:32:59');
INSERT INTO sys_menu (id, parent_id, menu_name, icon, value, menu_type, url, menu_status, sort, create_time) VALUES (220,95,'Redis终端','','cmdb:db:redis',3,'',2,7,'2025-12-13 14:33:27');
INSERT INTO sys_menu (id, parent_id, menu_name, icon, value, menu_type, url, menu_status, sort, create_time) VALUES (221,95,'ES终端','','cmdb:db:es',3,'',2,8,'2025-12-13 14:33:53');
INSERT INTO sys_menu (id, parent_id, menu_name, icon, value, menu_type, url, menu_status, sort, create_time) VALUES (222,95,'Mongo终端','','cmdb:db:mongo',3,'',2,9,'2025-12-13 14:34:14');
INSERT INTO sys_menu (id, parent_id, menu_name, icon, value, menu_type, url, menu_status, sort, create_time) VALUES (229,213,'新增域名','','monitor:domain:add',3,'',2,1,'2025-12-13 15:22:47');
INSERT INTO sys_menu (id, parent_id, menu_name, icon, value, menu_type, url, menu_status, sort, create_time) VALUES (230,213,'批量新增域名','','monitor:domain:add_all',3,'',2,2,'2025-12-13 15:23:44');
INSERT INTO sys_menu (id, parent_id, menu_name, icon, value, menu_type, url, menu_status, sort, create_time) VALUES (231,213,'域名自动巡检','','monitor:domain:auto_inspection',3,'',2,3,'2025-12-13 15:25:35');
INSERT INTO sys_menu (id, parent_id, menu_name, icon, value, menu_type, url, menu_status, sort, create_time) VALUES (232,213,'云导入','','monitor:domain:cloud_import',3,'',2,4,'2025-12-13 15:26:55');
INSERT INTO sys_menu (id, parent_id, menu_name, icon, value, menu_type, url, menu_status, sort, create_time) VALUES (233,213,'单域名手动巡检','','monitor:domain:ops_inspection',3,'',2,5,'2025-12-13 15:36:47');
INSERT INTO sys_menu (id, parent_id, menu_name, icon, value, menu_type, url, menu_status, sort, create_time) VALUES (234,213,'编辑域名','','monitor:domain:edit',3,'',2,6,'2025-12-13 15:38:30');
INSERT INTO sys_menu (id, parent_id, menu_name, icon, value, menu_type, url, menu_status, sort, create_time) VALUES (235,213,'删除域名','','monitor:domain:delete',3,'',2,7,'2025-12-13 15:38:54');
INSERT INTO sys_menu (id, parent_id, menu_name, icon, value, menu_type, url, menu_status, sort, create_time) VALUES (236,216,'新增故障记录','','monitor:incident:add',3,'',2,1,'2025-12-13 15:55:41');
INSERT INTO sys_menu (id, parent_id, menu_name, icon, value, menu_type, url, menu_status, sort, create_time) VALUES (237,216,'编辑故障记录','','monitor:incident:edit',3,'',2,2,'2025-12-13 15:57:20');
INSERT INTO sys_menu (id, parent_id, menu_name, icon, value, menu_type, url, menu_status, sort, create_time) VALUES (238,216,'编辑故障状态','','monitor:incident:status',3,'',2,3,'2025-12-13 15:57:39');
INSERT INTO sys_menu (id, parent_id, menu_name, icon, value, menu_type, url, menu_status, sort, create_time) VALUES (239,216,'删除故障记录','','monitor:incident:delete',3,'',2,4,'2025-12-13 15:58:12');
INSERT INTO sys_menu (id, parent_id, menu_name, icon, value, menu_type, url, menu_status, sort, create_time) VALUES (240,216,'访问故障链接','','monitor:incident:url',3,'',2,5,'2025-12-13 16:02:46');
INSERT INTO sys_menu (id, parent_id, menu_name, icon, value, menu_type, url, menu_status, sort, create_time) VALUES (241,78,'下载文件','','cmdb:ecs:download',3,'',2,10,'2025-12-13 16:13:17');
INSERT INTO sys_menu (id, parent_id, menu_name, icon, value, menu_type, url, menu_status, sort, create_time) VALUES (242,109,'应用视图','Help','app:view',2,'app/view',2,1,'2025-12-16 11:03:47');
INSERT INTO sys_menu (id, parent_id, menu_name, icon, value, menu_type, url, menu_status, sort, create_time) VALUES (243,78,'批量操作','','cmdb:ecs:batch',3,'',2,10,'2025-12-26 19:04:56');
INSERT INTO sys_menu (id, parent_id, menu_name, icon, value, menu_type, url, menu_status, sort, create_time) VALUES (244,104,'查看密钥','','config:keymanage:decrypt',3,'',2,5,'2025-12-27 00:20:50');
INSERT INTO sys_menu (id, parent_id, menu_name, icon, value, menu_type, url, menu_status, sort, create_time) VALUES (245,88,'监控大盘','','cmdb:snmp:collect',3,'',2,4,'2026-01-01 15:48:05');
INSERT INTO sys_menu (id, parent_id, menu_name, icon, value, menu_type, url, menu_status, sort, create_time) VALUES (246,88,'终端按钮','','cmdb:snmp:ssh',3,'',2,5,'2026-01-01 22:18:54');
INSERT INTO sys_menu (id, parent_id, menu_name, icon, value, menu_type, url, menu_status, sort, create_time) VALUES (247,44,'会话录制','Coin','monitor:recording',2,'monitor/recording',2,4,'2026-01-08 19:57:24');
INSERT INTO sys_menu (id, parent_id, menu_name, icon, value, menu_type, url, menu_status, sort, create_time) VALUES (250,86,'测试连接','','config:common:test',3,'',2,5,'2026-01-18 23:27:29');
INSERT INTO sys_menu (id, parent_id, menu_name, icon, value, menu_type, url, menu_status, sort, create_time) VALUES (251,215,'新增部门','','base:dept:add',3,'',2,1,'2026-03-23 09:22:56');
INSERT INTO sys_menu (id, parent_id, menu_name, icon, value, menu_type, url, menu_status, sort, create_time) VALUES (252,215,'修改部门','','base:dept:edit',3,'',2,2,'2026-03-23 09:22:56');
INSERT INTO sys_menu (id, parent_id, menu_name, icon, value, menu_type, url, menu_status, sort, create_time) VALUES (253,215,'删除部门','','base:dept:delete',3,'',2,3,'2026-03-23 09:22:56');
INSERT INTO sys_menu (id, parent_id, menu_name, icon, value, menu_type, url, menu_status, sort, create_time) VALUES (260,4,'N9E 配置','Connection','',2,'system/n9e',2,10,'2026-03-23 10:51:19');
INSERT INTO sys_menu (id, parent_id, menu_name, icon, value, menu_type, url, menu_status, sort, create_time) VALUES (261,212,'N9E 监控','Monitor','',2,'monitor/n9e',2,3,'2026-03-23 10:51:19');
INSERT INTO sys_menu (id, parent_id, menu_name, icon, value, menu_type, url, menu_status, sort, create_time) VALUES (262,212,'数据源管理','Coin','',2,'monitor/datasource',2,4,'2026-03-23 10:51:19');
INSERT INTO sys_menu (id, parent_id, menu_name, icon, value, menu_type, url, menu_status, sort, create_time) VALUES (263,212,'CMDB 总览','DataAnalysis','',2,'/monitor/n9e-overview',2,1,'2026-03-23 10:51:19');
INSERT INTO sys_menu (id, parent_id, menu_name, icon, value, menu_type, url, menu_status, sort, create_time) VALUES (264,212,'同步日志','Document','monitor:synclog',2,'/monitor/sync-logs',2,5,NULL);
INSERT INTO sys_menu (id, parent_id, menu_name, icon, value, menu_type, url, menu_status, sort, create_time) VALUES (265,46,'查看登录日志',NULL,'base:log:view',3,NULL,2,1,'2026-03-24 16:26:13');
INSERT INTO sys_menu (id, parent_id, menu_name, icon, value, menu_type, url, menu_status, sort, create_time) VALUES (266,46,'删除登录日志',NULL,'base:log:delete',3,NULL,2,2,'2026-03-24 16:26:13');
INSERT INTO sys_menu (id, parent_id, menu_name, icon, value, menu_type, url, menu_status, sort, create_time) VALUES (267,46,'清空登录日志',NULL,'base:log:clean',3,NULL,2,3,'2026-03-24 16:26:13');
INSERT INTO sys_menu (id, parent_id, menu_name, icon, value, menu_type, url, menu_status, sort, create_time) VALUES (268,86,'查看账号',NULL,'config:account:view',3,NULL,2,5,'2026-03-24 16:26:13');
INSERT INTO sys_menu (id, parent_id, menu_name, icon, value, menu_type, url, menu_status, sort, create_time) VALUES (269,86,'创建账号2',NULL,'config:account:add',3,NULL,2,6,'2026-03-24 16:26:13');
INSERT INTO sys_menu (id, parent_id, menu_name, icon, value, menu_type, url, menu_status, sort, create_time) VALUES (270,86,'修改账号2',NULL,'config:account:edit',3,NULL,2,7,'2026-03-24 16:26:13');
INSERT INTO sys_menu (id, parent_id, menu_name, icon, value, menu_type, url, menu_status, sort, create_time) VALUES (271,86,'删除账号2',NULL,'config:account:delete',3,NULL,2,8,'2026-03-24 16:26:13');
INSERT INTO sys_menu (id, parent_id, menu_name, icon, value, menu_type, url, menu_status, sort, create_time) VALUES (272,86,'解密账号2',NULL,'config:account:decrypt',3,NULL,2,9,'2026-03-24 16:26:13');
INSERT INTO sys_menu (id, parent_id, menu_name, icon, value, menu_type, url, menu_status, sort, create_time) VALUES (273,104,'查看密钥2',NULL,'config:key:view',3,NULL,2,5,'2026-03-24 16:26:13');
INSERT INTO sys_menu (id, parent_id, menu_name, icon, value, menu_type, url, menu_status, sort, create_time) VALUES (274,104,'创建密钥2',NULL,'config:key:add',3,NULL,2,6,'2026-03-24 16:26:13');
INSERT INTO sys_menu (id, parent_id, menu_name, icon, value, menu_type, url, menu_status, sort, create_time) VALUES (275,104,'修改密钥2',NULL,'config:key:edit',3,NULL,2,7,'2026-03-24 16:26:13');
INSERT INTO sys_menu (id, parent_id, menu_name, icon, value, menu_type, url, menu_status, sort, create_time) VALUES (276,104,'删除密钥2',NULL,'config:key:delete',3,NULL,2,8,'2026-03-24 16:26:13');
INSERT INTO sys_menu (id, parent_id, menu_name, icon, value, menu_type, url, menu_status, sort, create_time) VALUES (277,104,'解密密钥2',NULL,'config:key:decrypt',3,NULL,2,9,'2026-03-24 16:26:13');
INSERT INTO sys_menu (id, parent_id, menu_name, icon, value, menu_type, url, menu_status, sort, create_time) VALUES (278,104,'同步主机2',NULL,'config:key:sync',3,NULL,2,10,'2026-03-24 16:26:13');
INSERT INTO sys_menu (id, parent_id, menu_name, icon, value, menu_type, url, menu_status, sort, create_time) VALUES (279,84,'查看同步配置',NULL,'config:sync:view',3,NULL,2,10,'2026-03-24 16:26:13');
INSERT INTO sys_menu (id, parent_id, menu_name, icon, value, menu_type, url, menu_status, sort, create_time) VALUES (280,84,'创建同步配置',NULL,'config:sync:add',3,NULL,2,11,'2026-03-24 16:26:13');
INSERT INTO sys_menu (id, parent_id, menu_name, icon, value, menu_type, url, menu_status, sort, create_time) VALUES (281,84,'修改同步配置',NULL,'config:sync:edit',3,NULL,2,12,'2026-03-24 16:26:13');
INSERT INTO sys_menu (id, parent_id, menu_name, icon, value, menu_type, url, menu_status, sort, create_time) VALUES (282,84,'删除同步配置',NULL,'config:sync:delete',3,NULL,2,13,'2026-03-24 16:26:13');
INSERT INTO sys_menu (id, parent_id, menu_name, icon, value, menu_type, url, menu_status, sort, create_time) VALUES (283,84,'触发同步',NULL,'config:sync:trigger',3,NULL,2,14,'2026-03-24 16:26:13');
INSERT INTO sys_menu (id, parent_id, menu_name, icon, value, menu_type, url, menu_status, sort, create_time) VALUES (284,82,'创建集群2',NULL,'k8s:cluster:add',3,NULL,2,10,'2026-03-24 16:26:13');
INSERT INTO sys_menu (id, parent_id, menu_name, icon, value, menu_type, url, menu_status, sort, create_time) VALUES (285,82,'修改集群2',NULL,'k8s:cluster:edit',3,NULL,2,11,'2026-03-24 16:26:13');
INSERT INTO sys_menu (id, parent_id, menu_name, icon, value, menu_type, url, menu_status, sort, create_time) VALUES (286,82,'删除集群2',NULL,'k8s:cluster:delete',3,NULL,2,12,'2026-03-24 16:26:13');
INSERT INTO sys_menu (id, parent_id, menu_name, icon, value, menu_type, url, menu_status, sort, create_time) VALUES (287,82,'同步集群2',NULL,'k8s:cluster:sync',3,NULL,2,13,'2026-03-24 16:26:13');
INSERT INTO sys_menu (id, parent_id, menu_name, icon, value, menu_type, url, menu_status, sort, create_time) VALUES (288,83,'编辑节点',NULL,'k8s:node:edit',3,NULL,2,10,'2026-03-24 16:26:13');
INSERT INTO sys_menu (id, parent_id, menu_name, icon, value, menu_type, url, menu_status, sort, create_time) VALUES (289,83,'封锁节点2',NULL,'k8s:node:cordon',3,NULL,2,11,'2026-03-24 16:26:13');
INSERT INTO sys_menu (id, parent_id, menu_name, icon, value, menu_type, url, menu_status, sort, create_time) VALUES (290,83,'驱逐节点2',NULL,'k8s:node:drain',3,NULL,2,12,'2026-03-24 16:26:13');
INSERT INTO sys_menu (id, parent_id, menu_name, icon, value, menu_type, url, menu_status, sort, create_time) VALUES (291,105,'修改命名空间',NULL,'k8s:namespace:edit',3,NULL,2,10,'2026-03-24 16:26:13');
INSERT INTO sys_menu (id, parent_id, menu_name, icon, value, menu_type, url, menu_status, sort, create_time) VALUES (292,81,'创建Deployment',NULL,'k8s:deployment:add',3,NULL,2,20,'2026-03-24 16:26:13');
INSERT INTO sys_menu (id, parent_id, menu_name, icon, value, menu_type, url, menu_status, sort, create_time) VALUES (293,81,'修改Deployment',NULL,'k8s:deployment:edit',3,NULL,2,21,'2026-03-24 16:26:13');
INSERT INTO sys_menu (id, parent_id, menu_name, icon, value, menu_type, url, menu_status, sort, create_time) VALUES (294,81,'删除Deployment',NULL,'k8s:deployment:delete',3,NULL,2,22,'2026-03-24 16:26:13');
INSERT INTO sys_menu (id, parent_id, menu_name, icon, value, menu_type, url, menu_status, sort, create_time) VALUES (295,81,'伸缩Deployment',NULL,'k8s:deployment:scale',3,NULL,2,23,'2026-03-24 16:26:13');
INSERT INTO sys_menu (id, parent_id, menu_name, icon, value, menu_type, url, menu_status, sort, create_time) VALUES (296,81,'重启Deployment',NULL,'k8s:deployment:restart',3,NULL,2,24,'2026-03-24 16:26:13');
INSERT INTO sys_menu (id, parent_id, menu_name, icon, value, menu_type, url, menu_status, sort, create_time) VALUES (297,81,'回滚Deployment',NULL,'k8s:deployment:rollback',3,NULL,2,25,'2026-03-24 16:26:13');
INSERT INTO sys_menu (id, parent_id, menu_name, icon, value, menu_type, url, menu_status, sort, create_time) VALUES (298,81,'创建Pod',NULL,'k8s:pod:add',3,NULL,2,30,'2026-03-24 16:26:13');
INSERT INTO sys_menu (id, parent_id, menu_name, icon, value, menu_type, url, menu_status, sort, create_time) VALUES (299,81,'编辑Pod',NULL,'k8s:pod:edit',3,NULL,2,31,'2026-03-24 16:26:13');
INSERT INTO sys_menu (id, parent_id, menu_name, icon, value, menu_type, url, menu_status, sort, create_time) VALUES (300,81,'删除Pod2',NULL,'k8s:pod:delete',3,NULL,2,32,'2026-03-24 16:26:13');
INSERT INTO sys_menu (id, parent_id, menu_name, icon, value, menu_type, url, menu_status, sort, create_time) VALUES (301,81,'Pod终端2',NULL,'k8s:pod:exec',3,NULL,2,33,'2026-03-24 16:26:13');
INSERT INTO sys_menu (id, parent_id, menu_name, icon, value, menu_type, url, menu_status, sort, create_time) VALUES (302,107,'查看Secret',NULL,'k8s:secret:view',3,NULL,2,10,'2026-03-24 16:26:13');
INSERT INTO sys_menu (id, parent_id, menu_name, icon, value, menu_type, url, menu_status, sort, create_time) VALUES (303,107,'创建Secret',NULL,'k8s:secret:add',3,NULL,2,11,'2026-03-24 16:26:13');
INSERT INTO sys_menu (id, parent_id, menu_name, icon, value, menu_type, url, menu_status, sort, create_time) VALUES (304,107,'修改Secret',NULL,'k8s:secret:edit',3,NULL,2,12,'2026-03-24 16:26:13');
INSERT INTO sys_menu (id, parent_id, menu_name, icon, value, menu_type, url, menu_status, sort, create_time) VALUES (305,107,'删除Secret',NULL,'k8s:secret:delete',3,NULL,2,13,'2026-03-24 16:26:13');
INSERT INTO sys_menu (id, parent_id, menu_name, icon, value, menu_type, url, menu_status, sort, create_time) VALUES (306,103,'创建工具',NULL,'tool:manage:add',3,NULL,2,1,'2026-03-24 16:26:13');
INSERT INTO sys_menu (id, parent_id, menu_name, icon, value, menu_type, url, menu_status, sort, create_time) VALUES (307,103,'修改工具',NULL,'tool:manage:edit',3,NULL,2,2,'2026-03-24 16:26:13');
INSERT INTO sys_menu (id, parent_id, menu_name, icon, value, menu_type, url, menu_status, sort, create_time) VALUES (308,103,'删除工具',NULL,'tool:manage:delete',3,NULL,2,3,'2026-03-24 16:26:13');
INSERT INTO sys_menu (id, parent_id, menu_name, icon, value, menu_type, url, menu_status, sort, create_time) VALUES (309,103,'创建部署',NULL,'tool:deploy:create',3,NULL,2,4,'2026-03-24 16:26:13');
INSERT INTO sys_menu (id, parent_id, menu_name, icon, value, menu_type, url, menu_status, sort, create_time) VALUES (310,103,'卸载部署',NULL,'tool:deploy:delete',3,NULL,2,5,'2026-03-24 16:26:13');
INSERT INTO sys_menu (id, parent_id, menu_name, icon, value, menu_type, url, menu_status, sort, create_time) VALUES (311,102,'部署Agent2',NULL,'monitor:agent:deploy',3,NULL,2,5,'2026-03-24 16:26:13');
INSERT INTO sys_menu (id, parent_id, menu_name, icon, value, menu_type, url, menu_status, sort, create_time) VALUES (312,102,'卸载Agent2',NULL,'monitor:agent:uninstall',3,NULL,2,6,'2026-03-24 16:26:13');
INSERT INTO sys_menu (id, parent_id, menu_name, icon, value, menu_type, url, menu_status, sort, create_time) VALUES (313,102,'重启Agent2',NULL,'monitor:agent:restart',3,NULL,2,7,'2026-03-24 16:26:13');
INSERT INTO sys_menu (id, parent_id, menu_name, icon, value, menu_type, url, menu_status, sort, create_time) VALUES (314,102,'删除Agent2',NULL,'monitor:agent:delete',3,NULL,2,8,'2026-03-24 16:26:13');
INSERT INTO sys_menu (id, parent_id, menu_name, icon, value, menu_type, url, menu_status, sort, create_time) VALUES (315,212,'告警规则','el-icon-bell','monitor:alert',2,'/monitor/alert-rules',2,5,'2026-03-24 17:34:45');
INSERT INTO sys_menu (id, parent_id, menu_name, icon, value, menu_type, url, menu_status, sort, create_time) VALUES (316,212,'告警事件','el-icon-warning','monitor:alertevent',2,'/monitor/alert-events',2,6,'2026-03-24 17:34:45');
INSERT INTO sys_menu (id, parent_id, menu_name, icon, value, menu_type, url, menu_status, sort, create_time) VALUES (317,315,'新增告警规则',NULL,'monitor:alert:add',3,NULL,2,1,'2026-03-24 17:34:45');
INSERT INTO sys_menu (id, parent_id, menu_name, icon, value, menu_type, url, menu_status, sort, create_time) VALUES (318,315,'编辑告警规则',NULL,'monitor:alert:edit',3,NULL,2,2,'2026-03-24 17:34:45');
INSERT INTO sys_menu (id, parent_id, menu_name, icon, value, menu_type, url, menu_status, sort, create_time) VALUES (319,315,'删除告警规则',NULL,'monitor:alert:delete',3,NULL,2,3,'2026-03-24 17:34:45');
INSERT INTO sys_menu (id, parent_id, menu_name, icon, value, menu_type, url, menu_status, sort, create_time) VALUES (320,315,'新增通知渠道',NULL,'monitor:channel:add',3,NULL,2,4,'2026-03-24 17:34:45');
INSERT INTO sys_menu (id, parent_id, menu_name, icon, value, menu_type, url, menu_status, sort, create_time) VALUES (321,315,'编辑通知渠道',NULL,'monitor:channel:edit',3,NULL,2,5,'2026-03-24 17:34:45');
INSERT INTO sys_menu (id, parent_id, menu_name, icon, value, menu_type, url, menu_status, sort, create_time) VALUES (322,315,'删除通知渠道',NULL,'monitor:channel:delete',3,NULL,2,6,'2026-03-24 17:34:45');
INSERT INTO sys_menu (id, parent_id, menu_name, icon, value, menu_type, url, menu_status, sort, create_time) VALUES (330,44,'审计日志','Memo','monitor:audit:list',2,'monitor/audit-log',2,5,'2026-03-26 17:23:23');
INSERT INTO sys_menu (id, parent_id, menu_name, icon, value, menu_type, url, menu_status, sort, create_time) VALUES (331,330,'查看审计日志','','base:audit:view',3,'',2,1,'2026-03-26 17:23:23');
INSERT INTO sys_menu (id, parent_id, menu_name, icon, value, menu_type, url, menu_status, sort, create_time) VALUES (332,330,'删除审计日志','','base:audit:delete',3,'',2,2,'2026-03-26 17:23:23');
INSERT INTO sys_menu (id, parent_id, menu_name, icon, value, menu_type, url, menu_status, sort, create_time) VALUES (333,330,'清空审计日志','','base:audit:clean',3,'',2,3,'2026-03-26 17:23:23');
INSERT INTO sys_role (id, role_name, role_key, status, description, create_time) VALUES (1,'超级管理员','admin',1,'最大权限','2023-06-12 20:04:53');
INSERT INTO sys_role (id, role_name, role_key, status, description, create_time) VALUES (13,'游客','test',1,'test1','2025-07-03 18:47:25');
INSERT INTO sys_role_menu (role_id, menu_id) VALUES (1,72);
INSERT INTO sys_role_menu (role_id, menu_id) VALUES (1,80);
INSERT INTO sys_role_menu (role_id, menu_id) VALUES (1,78);
INSERT INTO sys_role_menu (role_id, menu_id) VALUES (1,149);
INSERT INTO sys_role_menu (role_id, menu_id) VALUES (1,150);
INSERT INTO sys_role_menu (role_id, menu_id) VALUES (1,151);
INSERT INTO sys_role_menu (role_id, menu_id) VALUES (1,152);
INSERT INTO sys_role_menu (role_id, menu_id) VALUES (1,153);
INSERT INTO sys_role_menu (role_id, menu_id) VALUES (1,154);
INSERT INTO sys_role_menu (role_id, menu_id) VALUES (1,155);
INSERT INTO sys_role_menu (role_id, menu_id) VALUES (1,165);
INSERT INTO sys_role_menu (role_id, menu_id) VALUES (1,166);
INSERT INTO sys_role_menu (role_id, menu_id) VALUES (1,241);
INSERT INTO sys_role_menu (role_id, menu_id) VALUES (1,243);
INSERT INTO sys_role_menu (role_id, menu_id) VALUES (1,88);
INSERT INTO sys_role_menu (role_id, menu_id) VALUES (1,89);
INSERT INTO sys_role_menu (role_id, menu_id) VALUES (1,90);
INSERT INTO sys_role_menu (role_id, menu_id) VALUES (1,91);
INSERT INTO sys_role_menu (role_id, menu_id) VALUES (1,245);
INSERT INTO sys_role_menu (role_id, menu_id) VALUES (1,246);
INSERT INTO sys_role_menu (role_id, menu_id) VALUES (1,95);
INSERT INTO sys_role_menu (role_id, menu_id) VALUES (1,146);
INSERT INTO sys_role_menu (role_id, menu_id) VALUES (1,147);
INSERT INTO sys_role_menu (role_id, menu_id) VALUES (1,148);
INSERT INTO sys_role_menu (role_id, menu_id) VALUES (1,217);
INSERT INTO sys_role_menu (role_id, menu_id) VALUES (1,218);
INSERT INTO sys_role_menu (role_id, menu_id) VALUES (1,219);
INSERT INTO sys_role_menu (role_id, menu_id) VALUES (1,220);
INSERT INTO sys_role_menu (role_id, menu_id) VALUES (1,221);
INSERT INTO sys_role_menu (role_id, menu_id) VALUES (1,222);
INSERT INTO sys_role_menu (role_id, menu_id) VALUES (1,81);
INSERT INTO sys_role_menu (role_id, menu_id) VALUES (1,82);
INSERT INTO sys_role_menu (role_id, menu_id) VALUES (1,167);
INSERT INTO sys_role_menu (role_id, menu_id) VALUES (1,168);
INSERT INTO sys_role_menu (role_id, menu_id) VALUES (1,169);
INSERT INTO sys_role_menu (role_id, menu_id) VALUES (1,170);
INSERT INTO sys_role_menu (role_id, menu_id) VALUES (1,171);
INSERT INTO sys_role_menu (role_id, menu_id) VALUES (1,83);
INSERT INTO sys_role_menu (role_id, menu_id) VALUES (1,172);
INSERT INTO sys_role_menu (role_id, menu_id) VALUES (1,173);
INSERT INTO sys_role_menu (role_id, menu_id) VALUES (1,174);
INSERT INTO sys_role_menu (role_id, menu_id) VALUES (1,175);
INSERT INTO sys_role_menu (role_id, menu_id) VALUES (1,176);
INSERT INTO sys_role_menu (role_id, menu_id) VALUES (1,177);
INSERT INTO sys_role_menu (role_id, menu_id) VALUES (1,105);
INSERT INTO sys_role_menu (role_id, menu_id) VALUES (1,178);
INSERT INTO sys_role_menu (role_id, menu_id) VALUES (1,179);
INSERT INTO sys_role_menu (role_id, menu_id) VALUES (1,180);
INSERT INTO sys_role_menu (role_id, menu_id) VALUES (1,181);
INSERT INTO sys_role_menu (role_id, menu_id) VALUES (1,182);
INSERT INTO sys_role_menu (role_id, menu_id) VALUES (1,183);
INSERT INTO sys_role_menu (role_id, menu_id) VALUES (1,184);
INSERT INTO sys_role_menu (role_id, menu_id) VALUES (1,93);
INSERT INTO sys_role_menu (role_id, menu_id) VALUES (1,185);
INSERT INTO sys_role_menu (role_id, menu_id) VALUES (1,186);
INSERT INTO sys_role_menu (role_id, menu_id) VALUES (1,187);
INSERT INTO sys_role_menu (role_id, menu_id) VALUES (1,188);
INSERT INTO sys_role_menu (role_id, menu_id) VALUES (1,189);
INSERT INTO sys_role_menu (role_id, menu_id) VALUES (1,190);
INSERT INTO sys_role_menu (role_id, menu_id) VALUES (1,191);
INSERT INTO sys_role_menu (role_id, menu_id) VALUES (1,192);
INSERT INTO sys_role_menu (role_id, menu_id) VALUES (1,193);
INSERT INTO sys_role_menu (role_id, menu_id) VALUES (1,194);
INSERT INTO sys_role_menu (role_id, menu_id) VALUES (1,195);
INSERT INTO sys_role_menu (role_id, menu_id) VALUES (1,196);
INSERT INTO sys_role_menu (role_id, menu_id) VALUES (1,106);
INSERT INTO sys_role_menu (role_id, menu_id) VALUES (1,197);
INSERT INTO sys_role_menu (role_id, menu_id) VALUES (1,198);
INSERT INTO sys_role_menu (role_id, menu_id) VALUES (1,199);
INSERT INTO sys_role_menu (role_id, menu_id) VALUES (1,200);
INSERT INTO sys_role_menu (role_id, menu_id) VALUES (1,201);
INSERT INTO sys_role_menu (role_id, menu_id) VALUES (1,202);
INSERT INTO sys_role_menu (role_id, menu_id) VALUES (1,203);
INSERT INTO sys_role_menu (role_id, menu_id) VALUES (1,204);
INSERT INTO sys_role_menu (role_id, menu_id) VALUES (1,205);
INSERT INTO sys_role_menu (role_id, menu_id) VALUES (1,206);
INSERT INTO sys_role_menu (role_id, menu_id) VALUES (1,108);
INSERT INTO sys_role_menu (role_id, menu_id) VALUES (1,107);
INSERT INTO sys_role_menu (role_id, menu_id) VALUES (1,242);
INSERT INTO sys_role_menu (role_id, menu_id) VALUES (1,110);
INSERT INTO sys_role_menu (role_id, menu_id) VALUES (1,142);
INSERT INTO sys_role_menu (role_id, menu_id) VALUES (1,143);
INSERT INTO sys_role_menu (role_id, menu_id) VALUES (1,144);
INSERT INTO sys_role_menu (role_id, menu_id) VALUES (1,145);
INSERT INTO sys_role_menu (role_id, menu_id) VALUES (1,162);
INSERT INTO sys_role_menu (role_id, menu_id) VALUES (1,163);
INSERT INTO sys_role_menu (role_id, menu_id) VALUES (1,164);
INSERT INTO sys_role_menu (role_id, menu_id) VALUES (1,111);
INSERT INTO sys_role_menu (role_id, menu_id) VALUES (1,139);
INSERT INTO sys_role_menu (role_id, menu_id) VALUES (1,140);
INSERT INTO sys_role_menu (role_id, menu_id) VALUES (1,141);
INSERT INTO sys_role_menu (role_id, menu_id) VALUES (1,160);
INSERT INTO sys_role_menu (role_id, menu_id) VALUES (1,161);
INSERT INTO sys_role_menu (role_id, menu_id) VALUES (1,212);
INSERT INTO sys_role_menu (role_id, menu_id) VALUES (1,213);
INSERT INTO sys_role_menu (role_id, menu_id) VALUES (1,229);
INSERT INTO sys_role_menu (role_id, menu_id) VALUES (1,230);
INSERT INTO sys_role_menu (role_id, menu_id) VALUES (1,231);
INSERT INTO sys_role_menu (role_id, menu_id) VALUES (1,232);
INSERT INTO sys_role_menu (role_id, menu_id) VALUES (1,233);
INSERT INTO sys_role_menu (role_id, menu_id) VALUES (1,234);
INSERT INTO sys_role_menu (role_id, menu_id) VALUES (1,235);
INSERT INTO sys_role_menu (role_id, menu_id) VALUES (1,216);
INSERT INTO sys_role_menu (role_id, menu_id) VALUES (1,236);
INSERT INTO sys_role_menu (role_id, menu_id) VALUES (1,237);
INSERT INTO sys_role_menu (role_id, menu_id) VALUES (1,238);
INSERT INTO sys_role_menu (role_id, menu_id) VALUES (1,239);
INSERT INTO sys_role_menu (role_id, menu_id) VALUES (1,240);
INSERT INTO sys_role_menu (role_id, menu_id) VALUES (1,97);
INSERT INTO sys_role_menu (role_id, menu_id) VALUES (1,99);
INSERT INTO sys_role_menu (role_id, menu_id) VALUES (1,136);
INSERT INTO sys_role_menu (role_id, menu_id) VALUES (1,137);
INSERT INTO sys_role_menu (role_id, menu_id) VALUES (1,138);
INSERT INTO sys_role_menu (role_id, menu_id) VALUES (1,156);
INSERT INTO sys_role_menu (role_id, menu_id) VALUES (1,157);
INSERT INTO sys_role_menu (role_id, menu_id) VALUES (1,98);
INSERT INTO sys_role_menu (role_id, menu_id) VALUES (1,133);
INSERT INTO sys_role_menu (role_id, menu_id) VALUES (1,134);
INSERT INTO sys_role_menu (role_id, menu_id) VALUES (1,135);
INSERT INTO sys_role_menu (role_id, menu_id) VALUES (1,100);
INSERT INTO sys_role_menu (role_id, menu_id) VALUES (1,130);
INSERT INTO sys_role_menu (role_id, menu_id) VALUES (1,131);
INSERT INTO sys_role_menu (role_id, menu_id) VALUES (1,132);
INSERT INTO sys_role_menu (role_id, menu_id) VALUES (1,159);
INSERT INTO sys_role_menu (role_id, menu_id) VALUES (1,101);
INSERT INTO sys_role_menu (role_id, menu_id) VALUES (1,103);
INSERT INTO sys_role_menu (role_id, menu_id) VALUES (1,102);
INSERT INTO sys_role_menu (role_id, menu_id) VALUES (1,126);
INSERT INTO sys_role_menu (role_id, menu_id) VALUES (1,127);
INSERT INTO sys_role_menu (role_id, menu_id) VALUES (1,128);
INSERT INTO sys_role_menu (role_id, menu_id) VALUES (1,129);
INSERT INTO sys_role_menu (role_id, menu_id) VALUES (1,4);
INSERT INTO sys_role_menu (role_id, menu_id) VALUES (1,6);
INSERT INTO sys_role_menu (role_id, menu_id) VALUES (1,16);
INSERT INTO sys_role_menu (role_id, menu_id) VALUES (1,17);
INSERT INTO sys_role_menu (role_id, menu_id) VALUES (1,18);
INSERT INTO sys_role_menu (role_id, menu_id) VALUES (1,60);
INSERT INTO sys_role_menu (role_id, menu_id) VALUES (1,7);
INSERT INTO sys_role_menu (role_id, menu_id) VALUES (1,21);
INSERT INTO sys_role_menu (role_id, menu_id) VALUES (1,22);
INSERT INTO sys_role_menu (role_id, menu_id) VALUES (1,23);
INSERT INTO sys_role_menu (role_id, menu_id) VALUES (1,24);
INSERT INTO sys_role_menu (role_id, menu_id) VALUES (1,8);
INSERT INTO sys_role_menu (role_id, menu_id) VALUES (1,26);
INSERT INTO sys_role_menu (role_id, menu_id) VALUES (1,27);
INSERT INTO sys_role_menu (role_id, menu_id) VALUES (1,28);
INSERT INTO sys_role_menu (role_id, menu_id) VALUES (1,10);
INSERT INTO sys_role_menu (role_id, menu_id) VALUES (1,32);
INSERT INTO sys_role_menu (role_id, menu_id) VALUES (1,33);
INSERT INTO sys_role_menu (role_id, menu_id) VALUES (1,34);
INSERT INTO sys_role_menu (role_id, menu_id) VALUES (1,215);
INSERT INTO sys_role_menu (role_id, menu_id) VALUES (1,84);
INSERT INTO sys_role_menu (role_id, menu_id) VALUES (1,85);
INSERT INTO sys_role_menu (role_id, menu_id) VALUES (1,123);
INSERT INTO sys_role_menu (role_id, menu_id) VALUES (1,124);
INSERT INTO sys_role_menu (role_id, menu_id) VALUES (1,125);
INSERT INTO sys_role_menu (role_id, menu_id) VALUES (1,86);
INSERT INTO sys_role_menu (role_id, menu_id) VALUES (1,122);
INSERT INTO sys_role_menu (role_id, menu_id) VALUES (1,119);
INSERT INTO sys_role_menu (role_id, menu_id) VALUES (1,120);
INSERT INTO sys_role_menu (role_id, menu_id) VALUES (1,121);
INSERT INTO sys_role_menu (role_id, menu_id) VALUES (1,250);
INSERT INTO sys_role_menu (role_id, menu_id) VALUES (1,104);
INSERT INTO sys_role_menu (role_id, menu_id) VALUES (1,115);
INSERT INTO sys_role_menu (role_id, menu_id) VALUES (1,117);
INSERT INTO sys_role_menu (role_id, menu_id) VALUES (1,118);
INSERT INTO sys_role_menu (role_id, menu_id) VALUES (1,244);
INSERT INTO sys_role_menu (role_id, menu_id) VALUES (1,44);
INSERT INTO sys_role_menu (role_id, menu_id) VALUES (1,45);
INSERT INTO sys_role_menu (role_id, menu_id) VALUES (1,47);
INSERT INTO sys_role_menu (role_id, menu_id) VALUES (1,113);
INSERT INTO sys_role_menu (role_id, menu_id) VALUES (1,73);
INSERT INTO sys_role_menu (role_id, menu_id) VALUES (1,46);
INSERT INTO sys_role_menu (role_id, menu_id) VALUES (1,49);
INSERT INTO sys_role_menu (role_id, menu_id) VALUES (1,62);
INSERT INTO sys_role_menu (role_id, menu_id) VALUES (1,96);
INSERT INTO sys_role_menu (role_id, menu_id) VALUES (1,247);
INSERT INTO sys_role_menu (role_id, menu_id) VALUES (1,109);
INSERT INTO sys_role_menu (role_id, menu_id) VALUES (13,72);
INSERT INTO sys_role_menu (role_id, menu_id) VALUES (13,149);
INSERT INTO sys_role_menu (role_id, menu_id) VALUES (13,150);
INSERT INTO sys_role_menu (role_id, menu_id) VALUES (13,154);
INSERT INTO sys_role_menu (role_id, menu_id) VALUES (13,165);
INSERT INTO sys_role_menu (role_id, menu_id) VALUES (13,89);
INSERT INTO sys_role_menu (role_id, menu_id) VALUES (13,146);
INSERT INTO sys_role_menu (role_id, menu_id) VALUES (13,218);
INSERT INTO sys_role_menu (role_id, menu_id) VALUES (13,219);
INSERT INTO sys_role_menu (role_id, menu_id) VALUES (13,167);
INSERT INTO sys_role_menu (role_id, menu_id) VALUES (13,168);
INSERT INTO sys_role_menu (role_id, menu_id) VALUES (13,170);
INSERT INTO sys_role_menu (role_id, menu_id) VALUES (13,172);
INSERT INTO sys_role_menu (role_id, menu_id) VALUES (13,173);
INSERT INTO sys_role_menu (role_id, menu_id) VALUES (13,174);
INSERT INTO sys_role_menu (role_id, menu_id) VALUES (13,175);
INSERT INTO sys_role_menu (role_id, menu_id) VALUES (13,178);
INSERT INTO sys_role_menu (role_id, menu_id) VALUES (13,179);
INSERT INTO sys_role_menu (role_id, menu_id) VALUES (13,180);
INSERT INTO sys_role_menu (role_id, menu_id) VALUES (13,181);
INSERT INTO sys_role_menu (role_id, menu_id) VALUES (13,182);
INSERT INTO sys_role_menu (role_id, menu_id) VALUES (13,185);
INSERT INTO sys_role_menu (role_id, menu_id) VALUES (13,186);
INSERT INTO sys_role_menu (role_id, menu_id) VALUES (13,190);
INSERT INTO sys_role_menu (role_id, menu_id) VALUES (13,193);
INSERT INTO sys_role_menu (role_id, menu_id) VALUES (13,195);
INSERT INTO sys_role_menu (role_id, menu_id) VALUES (13,197);
INSERT INTO sys_role_menu (role_id, menu_id) VALUES (13,200);
INSERT INTO sys_role_menu (role_id, menu_id) VALUES (13,203);
INSERT INTO sys_role_menu (role_id, menu_id) VALUES (13,205);
INSERT INTO sys_role_menu (role_id, menu_id) VALUES (13,108);
INSERT INTO sys_role_menu (role_id, menu_id) VALUES (13,107);
INSERT INTO sys_role_menu (role_id, menu_id) VALUES (13,242);
INSERT INTO sys_role_menu (role_id, menu_id) VALUES (13,142);
INSERT INTO sys_role_menu (role_id, menu_id) VALUES (13,144);
INSERT INTO sys_role_menu (role_id, menu_id) VALUES (13,162);
INSERT INTO sys_role_menu (role_id, menu_id) VALUES (13,139);
INSERT INTO sys_role_menu (role_id, menu_id) VALUES (13,140);
INSERT INTO sys_role_menu (role_id, menu_id) VALUES (13,160);
INSERT INTO sys_role_menu (role_id, menu_id) VALUES (13,229);
INSERT INTO sys_role_menu (role_id, menu_id) VALUES (13,233);
INSERT INTO sys_role_menu (role_id, menu_id) VALUES (13,236);
INSERT INTO sys_role_menu (role_id, menu_id) VALUES (13,240);
INSERT INTO sys_role_menu (role_id, menu_id) VALUES (13,136);
INSERT INTO sys_role_menu (role_id, menu_id) VALUES (13,137);
INSERT INTO sys_role_menu (role_id, menu_id) VALUES (13,156);
INSERT INTO sys_role_menu (role_id, menu_id) VALUES (13,133);
INSERT INTO sys_role_menu (role_id, menu_id) VALUES (13,130);
INSERT INTO sys_role_menu (role_id, menu_id) VALUES (13,132);
INSERT INTO sys_role_menu (role_id, menu_id) VALUES (13,159);
INSERT INTO sys_role_menu (role_id, menu_id) VALUES (13,103);
INSERT INTO sys_role_menu (role_id, menu_id) VALUES (13,127);
INSERT INTO sys_role_menu (role_id, menu_id) VALUES (13,16);
INSERT INTO sys_role_menu (role_id, menu_id) VALUES (13,125);
INSERT INTO sys_role_menu (role_id, menu_id) VALUES (13,122);
INSERT INTO sys_role_menu (role_id, menu_id) VALUES (13,118);
INSERT INTO sys_role_menu (role_id, menu_id) VALUES (13,73);
INSERT INTO sys_role_menu (role_id, menu_id) VALUES (13,62);
INSERT INTO sys_role_menu (role_id, menu_id) VALUES (13,96);
INSERT INTO sys_role_menu (role_id, menu_id) VALUES (13,80);
INSERT INTO sys_role_menu (role_id, menu_id) VALUES (13,78);
INSERT INTO sys_role_menu (role_id, menu_id) VALUES (13,88);
INSERT INTO sys_role_menu (role_id, menu_id) VALUES (13,95);
INSERT INTO sys_role_menu (role_id, menu_id) VALUES (13,81);
INSERT INTO sys_role_menu (role_id, menu_id) VALUES (13,82);
INSERT INTO sys_role_menu (role_id, menu_id) VALUES (13,83);
INSERT INTO sys_role_menu (role_id, menu_id) VALUES (13,105);
INSERT INTO sys_role_menu (role_id, menu_id) VALUES (13,93);
INSERT INTO sys_role_menu (role_id, menu_id) VALUES (13,106);
INSERT INTO sys_role_menu (role_id, menu_id) VALUES (13,109);
INSERT INTO sys_role_menu (role_id, menu_id) VALUES (13,110);
INSERT INTO sys_role_menu (role_id, menu_id) VALUES (13,111);
INSERT INTO sys_role_menu (role_id, menu_id) VALUES (13,212);
INSERT INTO sys_role_menu (role_id, menu_id) VALUES (13,213);
INSERT INTO sys_role_menu (role_id, menu_id) VALUES (13,216);
INSERT INTO sys_role_menu (role_id, menu_id) VALUES (13,97);
INSERT INTO sys_role_menu (role_id, menu_id) VALUES (13,99);
INSERT INTO sys_role_menu (role_id, menu_id) VALUES (13,98);
INSERT INTO sys_role_menu (role_id, menu_id) VALUES (13,100);
INSERT INTO sys_role_menu (role_id, menu_id) VALUES (13,101);
INSERT INTO sys_role_menu (role_id, menu_id) VALUES (13,102);
INSERT INTO sys_role_menu (role_id, menu_id) VALUES (13,4);
INSERT INTO sys_role_menu (role_id, menu_id) VALUES (13,6);
INSERT INTO sys_role_menu (role_id, menu_id) VALUES (13,84);
INSERT INTO sys_role_menu (role_id, menu_id) VALUES (13,85);
INSERT INTO sys_role_menu (role_id, menu_id) VALUES (13,86);
INSERT INTO sys_role_menu (role_id, menu_id) VALUES (13,104);
INSERT INTO sys_role_menu (role_id, menu_id) VALUES (13,44);
INSERT INTO sys_role_menu (role_id, menu_id) VALUES (13,45);
INSERT INTO sys_role_menu (role_id, menu_id) VALUES (13,46);
INSERT INTO sys_role_menu (role_id, menu_id) VALUES (1,251);
INSERT INTO sys_role_menu (role_id, menu_id) VALUES (1,252);
INSERT INTO sys_role_menu (role_id, menu_id) VALUES (1,253);
INSERT INTO sys_role_menu (role_id, menu_id) VALUES (1,260);
INSERT INTO sys_role_menu (role_id, menu_id) VALUES (1,261);
INSERT INTO sys_role_menu (role_id, menu_id) VALUES (1,262);
INSERT INTO sys_role_menu (role_id, menu_id) VALUES (1,263);
INSERT INTO sys_role_menu (role_id, menu_id) VALUES (1,264);
INSERT INTO sys_role_menu (role_id, menu_id) VALUES (1,265);
INSERT INTO sys_role_menu (role_id, menu_id) VALUES (1,266);
INSERT INTO sys_role_menu (role_id, menu_id) VALUES (1,267);
INSERT INTO sys_role_menu (role_id, menu_id) VALUES (1,268);
INSERT INTO sys_role_menu (role_id, menu_id) VALUES (1,269);
INSERT INTO sys_role_menu (role_id, menu_id) VALUES (1,270);
INSERT INTO sys_role_menu (role_id, menu_id) VALUES (1,271);
INSERT INTO sys_role_menu (role_id, menu_id) VALUES (1,272);
INSERT INTO sys_role_menu (role_id, menu_id) VALUES (1,273);
INSERT INTO sys_role_menu (role_id, menu_id) VALUES (1,274);
INSERT INTO sys_role_menu (role_id, menu_id) VALUES (1,275);
INSERT INTO sys_role_menu (role_id, menu_id) VALUES (1,276);
INSERT INTO sys_role_menu (role_id, menu_id) VALUES (1,277);
INSERT INTO sys_role_menu (role_id, menu_id) VALUES (1,278);
INSERT INTO sys_role_menu (role_id, menu_id) VALUES (1,279);
INSERT INTO sys_role_menu (role_id, menu_id) VALUES (1,280);
INSERT INTO sys_role_menu (role_id, menu_id) VALUES (1,281);
INSERT INTO sys_role_menu (role_id, menu_id) VALUES (1,282);
INSERT INTO sys_role_menu (role_id, menu_id) VALUES (1,283);
INSERT INTO sys_role_menu (role_id, menu_id) VALUES (1,284);
INSERT INTO sys_role_menu (role_id, menu_id) VALUES (1,285);
INSERT INTO sys_role_menu (role_id, menu_id) VALUES (1,286);
INSERT INTO sys_role_menu (role_id, menu_id) VALUES (1,287);
INSERT INTO sys_role_menu (role_id, menu_id) VALUES (1,288);
INSERT INTO sys_role_menu (role_id, menu_id) VALUES (1,289);
INSERT INTO sys_role_menu (role_id, menu_id) VALUES (1,290);
INSERT INTO sys_role_menu (role_id, menu_id) VALUES (1,291);
INSERT INTO sys_role_menu (role_id, menu_id) VALUES (1,292);
INSERT INTO sys_role_menu (role_id, menu_id) VALUES (1,293);
INSERT INTO sys_role_menu (role_id, menu_id) VALUES (1,294);
INSERT INTO sys_role_menu (role_id, menu_id) VALUES (1,295);
INSERT INTO sys_role_menu (role_id, menu_id) VALUES (1,296);
INSERT INTO sys_role_menu (role_id, menu_id) VALUES (1,297);
INSERT INTO sys_role_menu (role_id, menu_id) VALUES (1,298);
INSERT INTO sys_role_menu (role_id, menu_id) VALUES (1,299);
INSERT INTO sys_role_menu (role_id, menu_id) VALUES (1,300);
INSERT INTO sys_role_menu (role_id, menu_id) VALUES (1,301);
INSERT INTO sys_role_menu (role_id, menu_id) VALUES (1,302);
INSERT INTO sys_role_menu (role_id, menu_id) VALUES (1,303);
INSERT INTO sys_role_menu (role_id, menu_id) VALUES (1,304);
INSERT INTO sys_role_menu (role_id, menu_id) VALUES (1,305);
INSERT INTO sys_role_menu (role_id, menu_id) VALUES (1,306);
INSERT INTO sys_role_menu (role_id, menu_id) VALUES (1,307);
INSERT INTO sys_role_menu (role_id, menu_id) VALUES (1,308);
INSERT INTO sys_role_menu (role_id, menu_id) VALUES (1,309);
INSERT INTO sys_role_menu (role_id, menu_id) VALUES (1,310);
INSERT INTO sys_role_menu (role_id, menu_id) VALUES (1,311);
INSERT INTO sys_role_menu (role_id, menu_id) VALUES (1,312);
INSERT INTO sys_role_menu (role_id, menu_id) VALUES (1,313);
INSERT INTO sys_role_menu (role_id, menu_id) VALUES (1,314);
INSERT INTO sys_role_menu (role_id, menu_id) VALUES (1,315);
INSERT INTO sys_role_menu (role_id, menu_id) VALUES (1,316);
INSERT INTO sys_role_menu (role_id, menu_id) VALUES (1,317);
INSERT INTO sys_role_menu (role_id, menu_id) VALUES (1,318);
INSERT INTO sys_role_menu (role_id, menu_id) VALUES (1,319);
INSERT INTO sys_role_menu (role_id, menu_id) VALUES (1,320);
INSERT INTO sys_role_menu (role_id, menu_id) VALUES (1,321);
INSERT INTO sys_role_menu (role_id, menu_id) VALUES (1,322);
INSERT INTO sys_role_menu (role_id, menu_id) VALUES (1,330);
INSERT INTO sys_role_menu (role_id, menu_id) VALUES (1,331);
INSERT INTO sys_role_menu (role_id, menu_id) VALUES (1,332);
INSERT INTO sys_role_menu (role_id, menu_id) VALUES (1,333);
INSERT INTO sys_admin (id, post_id, dept_id, username, password, nickname, icon, email, phone, note, create_time, status) VALUES (89,1,15,'admin','e10adc3949ba59abbe56e057f20f883e','管理员','http://10.7.16.100:8080/api/v1/upload/avatar/20260119/109120000.svg','123456789@qq.com','13754354536','后端研发','2023-05-23 22:15:50',1);
INSERT INTO sys_admin (id, post_id, dept_id, username, password, nickname, icon, email, phone, note, create_time, status) VALUES (102,12,14,'test','e10adc3949ba59abbe56e057f20f883e','游客','http://192.168.3.7:8080/api/v1/upload/avatar/20260116/582307000.png','zfwh1024@163.com','13826541511','游客','2025-09-24 12:49:06',1);
INSERT INTO sys_admin (id, post_id, dept_id, username, password, nickname, icon, email, phone, note, create_time, status) VALUES (105,1,1,'zhangfan','e10adc3949ba59abbe56e057f20f883e','张帆','http://192.168.3.7:8080/api/v1/upload/avatar/20260116/71921000.png','zhangfan@lockin.com','13812345682','123','2025-12-09 14:46:54',1);
INSERT INTO sys_admin (id, post_id, dept_id, username, password, nickname, icon, email, phone, note, create_time, status) VALUES (106,10,5,'lisi','e10adc3949ba59abbe56e057f20f883e','李四','http://192.168.3.7:8080/api/v1/upload/avatar/20260116/746833000.svg','123','123','123','2025-12-15 23:44:12',1);
INSERT INTO sys_admin (id, post_id, dept_id, username, password, nickname, icon, email, phone, note, create_time, status) VALUES (107,12,6,'wangwu','e10adc3949ba59abbe56e057f20f883e','王五','http://192.168.3.7:8080/api/v1/upload/avatar/20260119/294685000.png','123','123','123','2025-12-15 23:46:10',1);
INSERT INTO sys_admin_role (admin_id, role_id) VALUES (106,13);
INSERT INTO sys_admin_role (admin_id, role_id) VALUES (89,1);
INSERT INTO sys_admin_role (admin_id, role_id) VALUES (102,13);
INSERT INTO sys_admin_role (admin_id, role_id) VALUES (105,13);
INSERT INTO sys_admin_role (admin_id, role_id) VALUES (107,13);
INSERT INTO sys_dept (id, parent_id, dept_type, dept_name, dept_status, create_time) VALUES (1,0,1,'神舟科技有限公司',1,'2023-06-14 17:53:23');
INSERT INTO sys_dept (id, parent_id, dept_type, dept_name, dept_status, create_time) VALUES (2,1,2,'深圳研发中心1',1,'2023-06-14 17:53:55');
INSERT INTO sys_dept (id, parent_id, dept_type, dept_name, dept_status, create_time) VALUES (3,2,3,'架构设计部门',1,'2023-06-14 17:54:15');
INSERT INTO sys_dept (id, parent_id, dept_type, dept_name, dept_status, create_time) VALUES (5,2,3,'后端研发部门',1,'2023-06-14 17:55:25');
INSERT INTO sys_dept (id, parent_id, dept_type, dept_name, dept_status, create_time) VALUES (6,2,3,'系统测试部门',1,'2023-06-14 17:55:31');
INSERT INTO sys_dept (id, parent_id, dept_type, dept_name, dept_status, create_time) VALUES (12,1,2,'北京研发中心',1,'2025-06-28 23:42:46');
INSERT INTO sys_dept (id, parent_id, dept_type, dept_name, dept_status, create_time) VALUES (13,1,2,'重庆研发中心',1,'2025-06-28 23:43:15');
INSERT INTO sys_dept (id, parent_id, dept_type, dept_name, dept_status, create_time) VALUES (14,12,3,'运维1部',1,'2025-06-28 23:43:34');
INSERT INTO sys_dept (id, parent_id, dept_type, dept_name, dept_status, create_time) VALUES (15,13,3,'运维2部',1,'2025-06-28 23:44:15');
INSERT INTO sys_post (id, post_code, post_name, post_status, create_time, remark) VALUES (1,'AAA','研发总监',1,'2023-06-14 20:08:22','主管各个部门');
INSERT INTO sys_post (id, post_code, post_name, post_status, create_time, remark) VALUES (10,'ops','运维工程师',1,'2025-06-28 22:46:33','运维工程师');
INSERT INTO sys_post (id, post_code, post_name, post_status, create_time, remark) VALUES (11,'dev','研发工程师',1,'2025-06-28 22:50:29','研发工程师');
INSERT INTO sys_post (id, post_code, post_name, post_status, create_time, remark) VALUES (12,'test','测试工程师',1,'2025-06-28 22:52:57','测试工程师');
INSERT INTO sys_post (id, post_code, post_name, post_status, create_time, remark) VALUES (14,'cccc','运维总监',1,'2026-01-14 11:12:04','');
INSERT INTO sys_post (id, post_code, post_name, post_status, create_time, remark) VALUES (15,'bbb','测试总监',1,'2026-01-14 11:12:44','');
INSERT INTO cmdb_group (id, parent_id, name, create_time, remark, update_time) VALUES (1,0,'默认业务组','2025-07-10 11:02:07.226',NULL,NULL);
INSERT INTO cmdb_group (id, parent_id, name, create_time, remark, update_time) VALUES (39,0,'家用业务','2025-12-28 01:14:21.621',NULL,NULL);
INSERT INTO cmdb_group (id, parent_id, name, create_time, remark, update_time) VALUES (40,0,'支撑业务','2025-12-28 01:14:36.499',NULL,NULL);
INSERT INTO cmdb_group (id, parent_id, name, create_time, remark, update_time) VALUES (41,0,'信息中心','2025-12-28 01:14:51.443',NULL,NULL);
INSERT INTO cmdb_group (id, parent_id, name, create_time, remark, update_time) VALUES (43,0,'其他业务','2025-12-28 01:15:27.196',NULL,NULL);
INSERT INTO cmdb_group (id, parent_id, name, create_time, remark, update_time) VALUES (44,43,'web','2025-12-28 01:15:42.077',NULL,NULL);
INSERT INTO cmdb_group (id, parent_id, name, create_time, remark, update_time) VALUES (45,43,'wyze','2025-12-28 01:15:52.905',NULL,NULL);
INSERT INTO cmdb_group (id, parent_id, name, create_time, remark, update_time) VALUES (46,43,'embed','2025-12-28 01:16:01.587',NULL,NULL);
INSERT INTO cmdb_group (id, parent_id, name, create_time, remark, update_time) VALUES (53,41,'info','2025-12-28 01:17:43.043',NULL,NULL);
INSERT INTO cmdb_group (id, parent_id, name, create_time, remark, update_time) VALUES (54,41,'sun','2025-12-28 01:17:52.361',NULL,NULL);
INSERT INTO cmdb_group (id, parent_id, name, create_time, remark, update_time) VALUES (55,40,'ops','2025-12-28 01:18:07.873',NULL,NULL);
INSERT INTO cmdb_group (id, parent_id, name, create_time, remark, update_time) VALUES (56,40,'pingtai','2025-12-28 01:18:25.301',NULL,NULL);
INSERT INTO cmdb_group (id, parent_id, name, create_time, remark, update_time) VALUES (57,39,'ddm','2025-12-28 01:18:42.607',NULL,NULL);
INSERT INTO cmdb_group (id, parent_id, name, create_time, remark, update_time) VALUES (58,39,'toc','2025-12-28 01:18:49.421',NULL,NULL);
INSERT INTO cmdb_group (id, parent_id, name, create_time, remark, update_time) VALUES (64,0,'本地业务','2025-12-28 15:53:22.758',NULL,NULL);
INSERT INTO cmdb_group (id, parent_id, name, create_time, remark, update_time) VALUES (65,64,'test-ops','2025-12-28 15:53:44.096',NULL,NULL);
INSERT INTO cmdb_group (id, parent_id, name, create_time, remark, update_time) VALUES (66,0,'杭州火炬机房','2026-03-23 09:28:08.414',NULL,NULL);
INSERT INTO cmdb_group (id, parent_id, name, create_time, remark, update_time) VALUES (67,0,'甘肃魔方UI&消息系统','2026-03-23 09:28:08.418',NULL,NULL);
INSERT INTO cmdb_group (id, parent_id, name, create_time, remark, update_time) VALUES (68,0,'重数传媒数字乡村广电侧','2026-03-23 09:28:08.422',NULL,NULL);
INSERT INTO cmdb_group (id, parent_id, name, create_time, remark, update_time) VALUES (69,0,'甘肃飞视_连屏大数据','2026-03-23 09:28:08.425',NULL,NULL);
INSERT INTO cmdb_group (id, parent_id, name, create_time, remark, update_time) VALUES (70,0,'测试环境','2026-03-23 09:28:08.445',NULL,NULL);
INSERT INTO cmdb_group (id, parent_id, name, create_time, remark, update_time) VALUES (71,0,'ITOPS','2026-03-23 09:28:08.477',NULL,NULL);
INSERT INTO cmdb_group (id, parent_id, name, create_time, remark, update_time) VALUES (72,0,'重庆文明实践-政务云平台','2026-03-23 09:28:08.483',NULL,NULL);
INSERT INTO cmdb_group (id, parent_id, name, create_time, remark, update_time) VALUES (73,0,'重数传媒数字乡村电信侧','2026-03-23 09:28:08.513',NULL,NULL);
INSERT INTO cmdb_group (id, parent_id, name, create_time, remark, update_time) VALUES (74,0,'重数传媒数字乡村移动侧','2026-03-23 09:28:08.597',NULL,NULL);
INSERT INTO cmdb_group (id, parent_id, name, create_time, remark, update_time) VALUES (75,0,'云南电信萌趣星乐园','2026-03-23 09:28:08.603',NULL,NULL);
INSERT INTO cmdb_group (id, parent_id, name, create_time, remark, update_time) VALUES (76,0,'重庆数字乡村2023扩容平台-广电侧','2026-03-23 09:28:08.624',NULL,NULL);
INSERT INTO cmdb_group (id, parent_id, name, create_time, remark, update_time) VALUES (77,0,'新疆民语魔方UI','2026-03-23 09:28:08.626',NULL,NULL);
INSERT INTO cmdb_group (id, parent_id, name, create_time, remark, update_time) VALUES (78,0,'零信任网关','2026-03-23 09:28:08.656',NULL,NULL);
INSERT INTO cmdb_group (id, parent_id, name, create_time, remark, update_time) VALUES (79,0,'全国短剧','2026-03-23 09:28:08.659',NULL,NULL);
INSERT INTO cmdb_group (id, parent_id, name, create_time, remark, update_time) VALUES (80,0,'捷成多屏运营平台-预装版','2026-03-23 09:28:08.662',NULL,NULL);
INSERT INTO cmdb_group (id, parent_id, name, create_time, remark, update_time) VALUES (81,0,'捷成多屏运营平台-标准版','2026-03-23 09:28:08.667',NULL,NULL);
INSERT INTO cmdb_group (id, parent_id, name, create_time, remark, update_time) VALUES (82,0,'捷成多屏运营平台-测试版','2026-03-23 09:28:08.673',NULL,NULL);
INSERT INTO cmdb_group (id, parent_id, name, create_time, remark, update_time) VALUES (83,0,'新疆电信增值平台','2026-03-23 09:28:08.676',NULL,NULL);
INSERT INTO cmdb_group (id, parent_id, name, create_time, remark, update_time) VALUES (84,0,'重庆数字乡村2023扩容平台-移动侧','2026-03-23 09:28:08.694',NULL,NULL);
INSERT INTO cmdb_group (id, parent_id, name, create_time, remark, update_time) VALUES (85,0,'甘肃飞视新媒体','2026-03-23 09:28:08.724',NULL,NULL);
INSERT INTO cmdb_group (id, parent_id, name, create_time, remark, update_time) VALUES (86,0,'广西多屏业务','2026-03-23 09:28:08.838',NULL,NULL);
INSERT INTO cmdb_group (id, parent_id, name, create_time, remark, update_time) VALUES (87,0,'广西魔方UI','2026-03-23 09:28:08.873',NULL,NULL);
INSERT INTO cmdb_group (id, parent_id, name, create_time, remark, update_time) VALUES (88,0,'广西应急广播','2026-03-23 09:28:08.904',NULL,NULL);
INSERT INTO cmdb_group (id, parent_id, name, create_time, remark, update_time) VALUES (89,0,'贵州-新媒体-基础包','2026-03-23 09:28:08.952',NULL,NULL);
INSERT INTO cmdb_group (id, parent_id, name, create_time, remark, update_time) VALUES (90,0,'贵州移动萌趣星乐园','2026-03-23 09:28:08.956',NULL,NULL);
INSERT INTO cmdb_group (id, parent_id, name, create_time, remark, update_time) VALUES (91,0,'河北超媒','2026-03-23 09:28:08.965',NULL,NULL);
INSERT INTO cmdb_group (id, parent_id, name, create_time, remark, update_time) VALUES (92,0,'河北电信联合运营项目-新媒体侧','2026-03-23 09:28:08.995',NULL,NULL);
INSERT INTO cmdb_group (id, parent_id, name, create_time, remark, update_time) VALUES (93,0,'河北电信联合运营项目-电信侧','2026-03-23 09:28:09.008',NULL,NULL);
INSERT INTO cmdb_group (id, parent_id, name, create_time, remark, update_time) VALUES (94,0,'河北移动少儿大厅','2026-03-23 09:28:09.021',NULL,NULL);
INSERT INTO cmdb_group (id, parent_id, name, create_time, remark, update_time) VALUES (95,0,'河北移动随心看','2026-03-23 09:28:09.057',NULL,NULL);
INSERT INTO cmdb_group (id, parent_id, name, create_time, remark, update_time) VALUES (96,0,'河北办公室','2026-03-23 09:28:09.089',NULL,NULL);
INSERT INTO cmdb_group (id, parent_id, name, create_time, remark, update_time) VALUES (97,0,'河北联通电竞','2026-03-23 09:28:09.091',NULL,NULL);
INSERT INTO cmdb_group (id, parent_id, name, create_time, remark, update_time) VALUES (98,0,'河南移动彩虹王国','2026-03-23 09:28:09.116',NULL,NULL);
INSERT INTO cmdb_group (id, parent_id, name, create_time, remark, update_time) VALUES (99,0,'湖南移动芒果电竞IPTV','2026-03-23 09:28:09.125',NULL,NULL);
INSERT INTO cmdb_group (id, parent_id, name, create_time, remark, update_time) VALUES (100,0,'湖南移动淘淘少儿IPTV','2026-03-23 09:28:09.142',NULL,NULL);
INSERT INTO cmdb_group (id, parent_id, name, create_time, remark, update_time) VALUES (101,0,'湖南移动芒果电竞OTT','2026-03-23 09:28:09.165',NULL,NULL);
INSERT INTO cmdb_group (id, parent_id, name, create_time, remark, update_time) VALUES (102,0,'湖南移动淘淘少儿OTT','2026-03-23 09:28:09.182',NULL,NULL);
INSERT INTO cmdb_group (id, parent_id, name, create_time, remark, update_time) VALUES (103,0,'帕科AI能力中心','2026-03-23 09:28:09.205',NULL,NULL);
INSERT INTO cmdb_group (id, parent_id, name, create_time, remark, update_time) VALUES (104,0,'演示环境健康检查','2026-03-23 09:28:09.211',NULL,NULL);
INSERT INTO cmdb_group (id, parent_id, name, create_time, remark, update_time) VALUES (105,0,'江苏移动叮当少儿','2026-03-23 09:28:09.215',NULL,NULL);
INSERT INTO cmdb_group (id, parent_id, name, create_time, remark, update_time) VALUES (106,0,'安徽电信音乐聚合','2026-03-23 09:28:09.242',NULL,NULL);
INSERT INTO cmdb_group (id, parent_id, name, create_time, remark, update_time) VALUES (107,0,'重数传媒数字乡村联通侧','2026-03-23 09:28:09.248',NULL,NULL);
INSERT INTO cmdb_group (id, parent_id, name, create_time, remark, update_time) VALUES (108,0,'山西移动行业大屏','2026-03-23 09:28:09.259',NULL,NULL);
INSERT INTO cmdb_group (id, parent_id, name, create_time, remark, update_time) VALUES (109,0,'帕科演示环境','2026-03-23 09:28:09.261',NULL,NULL);
INSERT INTO cmdb_group (id, parent_id, name, create_time, remark, update_time) VALUES (110,0,'江苏新媒-电信随心看','2026-03-23 09:28:09.337',NULL,NULL);
INSERT INTO cmdb_group (id, parent_id, name, create_time, remark, update_time) VALUES (111,0,'安徽电信影视聚合','2026-03-23 09:28:09.351',NULL,NULL);
INSERT INTO cmdb_group (id, parent_id, name, create_time, remark, update_time) VALUES (112,0,'网络设备','2026-03-23 09:28:09.400',NULL,NULL);
INSERT INTO cmdb_group (id, parent_id, name, create_time, remark, update_time) VALUES (113,0,'贵州-小兰山','2026-03-23 09:28:09.427',NULL,NULL);
INSERT INTO cmdb_group (id, parent_id, name, create_time, remark, update_time) VALUES (114,0,'陕西营销活动','2026-03-23 09:28:09.456',NULL,NULL);
INSERT INTO cmdb_group (id, parent_id, name, create_time, remark, update_time) VALUES (115,0,'陕西播控业务平台','2026-03-23 09:28:09.490',NULL,NULL);
INSERT INTO cmdb_group (id, parent_id, name, create_time, remark, update_time) VALUES (116,0,'山西移动多屏互动','2026-03-23 09:28:09.530',NULL,NULL);
INSERT INTO cmdb_group (id, parent_id, name, create_time, remark, update_time) VALUES (117,0,'安徽电信体育聚合','2026-03-23 09:28:09.590',NULL,NULL);
INSERT INTO cmdb_group (id, parent_id, name, create_time, remark, update_time) VALUES (118,0,'西藏集成播控平台','2026-03-23 09:28:09.659',NULL,NULL);
INSERT INTO cmdb_group (id, parent_id, name, create_time, remark, update_time) VALUES (119,0,'新疆电信SDK鉴权','2026-03-23 09:28:09.679',NULL,NULL);
INSERT INTO cmdb_group (id, parent_id, name, create_time, remark, update_time) VALUES (120,0,'新疆电信聚合','2026-03-23 09:28:09.703',NULL,NULL);

-- 重置序列到最大值（避免后续插入 ID 冲突）
DO $$
DECLARE
  t RECORD;
BEGIN
  FOR t IN
    SELECT table_name, column_name
    FROM information_schema.columns
    WHERE table_schema = 'public'
      AND column_default LIKE 'nextval%'
  LOOP
    EXECUTE format(
      'SELECT setval(pg_get_serial_sequence(''%I'', ''%I''), COALESCE((SELECT MAX(%I) FROM %I), 1))',
      t.table_name, t.column_name, t.column_name, t.table_name
    );
  END LOOP;
END $$;

-- 恢复触发器
SET session_replication_role = DEFAULT;

\echo 'Seed data loaded successfully!'
